"","transactionID","item"
"1",1,3
"2",1,4
"3",1,54
"4",1,58
"5",1,67
"6",1,72
"7",1,75
"8",1,78
"9",1,80
"10",1,86
"11",1,88
"12",1,90
"13",1,92
"14",1,94
"15",1,98
"16",2,3
"17",2,4
"18",2,54
"19",2,56
"20",2,70
"21",2,72
"22",2,75
"23",2,78
"24",2,80
"25",2,81
"26",2,88
"27",2,90
"28",2,92
"29",2,94
"30",2,98
"31",3,3
"32",3,4
"33",3,54
"34",3,55
"35",3,70
"36",3,72
"37",3,75
"38",3,77
"39",3,80
"40",3,85
"41",3,88
"42",3,90
"43",3,92
"44",3,94
"45",3,98
"46",4,2
"47",4,4
"48",4,54
"49",4,61
"50",4,71
"51",4,72
"52",4,75
"53",4,77
"54",4,80
"55",4,84
"56",4,88
"57",4,90
"58",4,92
"59",4,94
"60",4,98
"61",5,3
"62",5,4
"63",5,54
"64",5,55
"65",5,69
"66",5,74
"67",5,75
"68",5,77
"69",5,80
"70",5,85
"71",5,89
"72",5,90
"73",5,92
"74",5,95
"75",5,98
"76",6,3
"77",6,4
"78",6,54
"79",6,61
"80",6,68
"81",6,74
"82",6,75
"83",6,77
"84",6,79
"85",6,84
"86",6,89
"87",6,90
"88",6,92
"89",6,95
"90",6,98
"91",7,3
"92",7,4
"93",7,54
"94",7,64
"95",7,70
"96",7,74
"97",7,75
"98",7,77
"99",7,79
"100",7,85
"101",7,89
"102",7,90
"103",7,92
"104",7,95
"105",7,98
"106",8,3
"107",8,5
"108",8,53
"109",8,62
"110",8,68
"111",8,74
"112",8,76
"113",8,77
"114",8,79
"115",8,85
"116",8,89
"117",8,90
"118",8,92
"119",8,95
"120",8,97
"121",9,2
"122",9,5
"123",9,52
"124",9,58
"125",9,71
"126",9,72
"127",9,75
"128",9,78
"129",9,80
"130",9,81
"131",9,88
"132",9,90
"133",9,92
"134",9,94
"135",9,96
"136",10,3
"137",10,5
"138",10,52
"139",10,66
"140",10,69
"141",10,72
"142",10,75
"143",10,78
"144",10,80
"145",10,83
"146",10,88
"147",10,91
"148",10,92
"149",10,95
"150",10,97
"151",11,3
"152",11,5
"153",11,54
"154",11,59
"155",11,70
"156",11,74
"157",11,76
"158",11,78
"159",11,80
"160",11,84
"161",11,89
"162",11,90
"163",11,92
"164",11,95
"165",11,98
"166",12,3
"167",12,6
"168",12,53
"169",12,55
"170",12,68
"171",12,74
"172",12,76
"173",12,77
"174",12,80
"175",12,85
"176",12,89
"177",12,90
"178",12,92
"179",12,95
"180",12,98
"181",13,2
"182",13,6
"183",13,52
"184",13,63
"185",13,71
"186",13,72
"187",13,75
"188",13,78
"189",13,80
"190",13,87
"191",13,89
"192",13,90
"193",13,92
"194",13,94
"195",13,96
"196",14,3
"197",14,6
"198",14,53
"199",14,55
"200",14,68
"201",14,74
"202",14,76
"203",14,77
"204",14,79
"205",14,84
"206",14,89
"207",14,90
"208",14,92
"209",14,95
"210",14,98
"211",15,3
"212",15,6
"213",15,52
"214",15,55
"215",15,67
"216",15,74
"217",15,76
"218",15,78
"219",15,80
"220",15,83
"221",15,89
"222",15,90
"223",15,92
"224",15,95
"225",15,98
"226",16,3
"227",16,6
"228",16,53
"229",16,55
"230",16,68
"231",16,74
"232",16,76
"233",16,78
"234",16,79
"235",16,84
"236",16,89
"237",16,90
"238",16,92
"239",16,95
"240",16,98
"241",17,2
"242",17,6
"243",17,53
"244",17,61
"245",17,70
"246",17,74
"247",17,76
"248",17,77
"249",17,80
"250",17,86
"251",17,89
"252",17,90
"253",17,92
"254",17,94
"255",17,98
"256",18,2
"257",18,6
"258",18,53
"259",18,59
"260",18,71
"261",18,74
"262",18,76
"263",18,77
"264",18,79
"265",18,83
"266",18,88
"267",18,90
"268",18,92
"269",18,94
"270",18,98
"271",19,2
"272",19,6
"273",19,53
"274",19,64
"275",19,71
"276",19,72
"277",19,75
"278",19,77
"279",19,80
"280",19,81
"281",19,89
"282",19,90
"283",19,92
"284",19,94
"285",19,96
"286",20,3
"287",20,6
"288",20,52
"289",20,55
"290",20,70
"291",20,72
"292",20,75
"293",20,78
"294",20,80
"295",20,81
"296",20,89
"297",20,90
"298",20,92
"299",20,94
"300",20,97
"301",21,3
"302",21,6
"303",21,53
"304",21,56
"305",21,70
"306",21,74
"307",21,76
"308",21,77
"309",21,79
"310",21,85
"311",21,89
"312",21,90
"313",21,93
"314",21,94
"315",21,98
"316",22,2
"317",22,6
"318",22,53
"319",22,56
"320",22,69
"321",22,72
"322",22,75
"323",22,77
"324",22,80
"325",22,84
"326",22,88
"327",22,90
"328",22,92
"329",22,95
"330",22,96
"331",23,2
"332",23,6
"333",23,52
"334",23,66
"335",23,67
"336",23,72
"337",23,75
"338",23,78
"339",23,80
"340",23,82
"341",23,89
"342",23,90
"343",23,92
"344",23,94
"345",23,96
"346",24,3
"347",24,6
"348",24,53
"349",24,55
"350",24,70
"351",24,74
"352",24,76
"353",24,77
"354",24,80
"355",24,84
"356",24,89
"357",24,90
"358",24,92
"359",24,94
"360",24,96
"361",25,3
"362",25,6
"363",25,53
"364",25,62
"365",25,68
"366",25,72
"367",25,76
"368",25,77
"369",25,79
"370",25,83
"371",25,88
"372",25,90
"373",25,92
"374",25,95
"375",25,98
"376",26,3
"377",26,7
"378",26,54
"379",26,65
"380",26,67
"381",26,72
"382",26,75
"383",26,77
"384",26,80
"385",26,81
"386",26,89
"387",26,90
"388",26,92
"389",26,94
"390",26,96
"391",27,3
"392",27,7
"393",27,52
"394",27,59
"395",27,70
"396",27,72
"397",27,75
"398",27,78
"399",27,80
"400",27,87
"401",27,89
"402",27,90
"403",27,92
"404",27,94
"405",27,96
"406",28,2
"407",28,7
"408",28,54
"409",28,64
"410",28,68
"411",28,74
"412",28,76
"413",28,77
"414",28,79
"415",28,85
"416",28,89
"417",28,90
"418",28,92
"419",28,95
"420",28,98
"421",29,3
"422",29,7
"423",29,53
"424",29,64
"425",29,68
"426",29,74
"427",29,76
"428",29,77
"429",29,79
"430",29,85
"431",29,89
"432",29,90
"433",29,92
"434",29,95
"435",29,96
"436",30,3
"437",30,7
"438",30,53
"439",30,64
"440",30,68
"441",30,74
"442",30,76
"443",30,77
"444",30,79
"445",30,87
"446",30,89
"447",30,90
"448",30,93
"449",30,95
"450",30,98
"451",31,2
"452",31,7
"453",31,52
"454",31,65
"455",31,70
"456",31,72
"457",31,75
"458",31,78
"459",31,79
"460",31,84
"461",31,89
"462",31,91
"463",31,93
"464",31,94
"465",31,97
"466",32,3
"467",32,7
"468",32,53
"469",32,61
"470",32,70
"471",32,74
"472",32,76
"473",32,77
"474",32,80
"475",32,85
"476",32,88
"477",32,90
"478",32,92
"479",32,95
"480",32,96
"481",33,3
"482",33,7
"483",33,53
"484",33,66
"485",33,70
"486",33,74
"487",33,76
"488",33,77
"489",33,80
"490",33,81
"491",33,88
"492",33,90
"493",33,92
"494",33,94
"495",33,96
"496",34,3
"497",34,7
"498",34,53
"499",34,66
"500",34,68
"501",34,73
"502",34,76
"503",34,77
"504",34,80
"505",34,83
"506",34,88
"507",34,90
"508",34,92
"509",34,95
"510",34,96
"511",35,3
"512",35,7
"513",35,52
"514",35,61
"515",35,67
"516",35,72
"517",35,75
"518",35,78
"519",35,80
"520",35,84
"521",35,89
"522",35,90
"523",35,92
"524",35,95
"525",35,96
"526",36,3
"527",36,7
"528",36,53
"529",36,56
"530",36,67
"531",36,74
"532",36,76
"533",36,77
"534",36,80
"535",36,83
"536",36,89
"537",36,90
"538",36,92
"539",36,95
"540",36,98
"541",37,1
"542",37,8
"543",37,53
"544",37,64
"545",37,71
"546",37,74
"547",37,76
"548",37,77
"549",37,80
"550",37,81
"551",37,89
"552",37,91
"553",37,92
"554",37,94
"555",37,98
"556",38,3
"557",38,8
"558",38,53
"559",38,62
"560",38,68
"561",38,74
"562",38,76
"563",38,77
"564",38,79
"565",38,83
"566",38,89
"567",38,90
"568",38,92
"569",38,95
"570",38,98
"571",39,3
"572",39,9
"573",39,52
"574",39,63
"575",39,70
"576",39,72
"577",39,75
"578",39,78
"579",39,80
"580",39,82
"581",39,88
"582",39,90
"583",39,92
"584",39,95
"585",39,96
"586",40,3
"587",40,9
"588",40,53
"589",40,64
"590",40,67
"591",40,74
"592",40,76
"593",40,78
"594",40,79
"595",40,86
"596",40,89
"597",40,90
"598",40,93
"599",40,95
"600",40,98
"601",41,3
"602",41,9
"603",41,52
"604",41,62
"605",41,70
"606",41,74
"607",41,76
"608",41,77
"609",41,79
"610",41,82
"611",41,89
"612",41,90
"613",41,92
"614",41,94
"615",41,96
"616",42,2
"617",42,9
"618",42,54
"619",42,63
"620",42,71
"621",42,74
"622",42,76
"623",42,77
"624",42,80
"625",42,87
"626",42,89
"627",42,90
"628",42,92
"629",42,94
"630",42,98
"631",43,3
"632",43,9
"633",43,54
"634",43,65
"635",43,70
"636",43,73
"637",43,76
"638",43,77
"639",43,79
"640",43,81
"641",43,89
"642",43,90
"643",43,92
"644",43,94
"645",43,96
"646",44,2
"647",44,10
"648",44,53
"649",44,60
"650",44,70
"651",44,74
"652",44,76
"653",44,77
"654",44,79
"655",44,82
"656",44,88
"657",44,90
"658",44,92
"659",44,94
"660",44,98
"661",45,3
"662",45,10
"663",45,52
"664",45,58
"665",45,67
"666",45,74
"667",45,76
"668",45,77
"669",45,80
"670",45,87
"671",45,89
"672",45,90
"673",45,92
"674",45,95
"675",45,98
"676",46,2
"677",46,10
"678",46,52
"679",46,62
"680",46,71
"681",46,72
"682",46,75
"683",46,78
"684",46,80
"685",46,81
"686",46,89
"687",46,90
"688",46,92
"689",46,94
"690",46,96
"691",47,3
"692",47,10
"693",47,53
"694",47,58
"695",47,70
"696",47,74
"697",47,76
"698",47,77
"699",47,80
"700",47,86
"701",47,89
"702",47,90
"703",47,92
"704",47,95
"705",47,96
"706",48,3
"707",48,10
"708",48,54
"709",48,61
"710",48,71
"711",48,74
"712",48,76
"713",48,77
"714",48,80
"715",48,87
"716",48,89
"717",48,90
"718",48,92
"719",48,94
"720",48,96
"721",49,2
"722",49,10
"723",49,53
"724",49,64
"725",49,69
"726",49,74
"727",49,76
"728",49,77
"729",49,79
"730",49,86
"731",49,89
"732",49,90
"733",49,93
"734",49,95
"735",49,97
"736",50,3
"737",50,10
"738",50,52
"739",50,66
"740",50,68
"741",50,74
"742",50,76
"743",50,77
"744",50,79
"745",50,83
"746",50,88
"747",50,90
"748",50,92
"749",50,95
"750",50,98
"751",51,1
"752",51,10
"753",51,52
"754",51,55
"755",51,71
"756",51,72
"757",51,75
"758",51,78
"759",51,80
"760",51,83
"761",51,88
"762",51,90
"763",51,92
"764",51,94
"765",51,96
"766",52,3
"767",52,11
"768",52,53
"769",52,56
"770",52,67
"771",52,74
"772",52,75
"773",52,77
"774",52,79
"775",52,83
"776",52,88
"777",52,90
"778",52,92
"779",52,95
"780",52,98
"781",53,3
"782",53,11
"783",53,52
"784",53,56
"785",53,68
"786",53,74
"787",53,75
"788",53,77
"789",53,80
"790",53,86
"791",53,88
"792",53,90
"793",53,92
"794",53,95
"795",53,98
"796",54,1
"797",54,11
"798",54,54
"799",54,57
"800",54,69
"801",54,73
"802",54,75
"803",54,78
"804",54,80
"805",54,82
"806",54,89
"807",54,90
"808",54,92
"809",54,95
"810",54,98
"811",55,3
"812",55,11
"813",55,53
"814",55,65
"815",55,70
"816",55,74
"817",55,75
"818",55,77
"819",55,80
"820",55,83
"821",55,88
"822",55,90
"823",55,92
"824",55,94
"825",55,98
"826",56,3
"827",56,11
"828",56,54
"829",56,58
"830",56,69
"831",56,72
"832",56,75
"833",56,77
"834",56,80
"835",56,83
"836",56,88
"837",56,90
"838",56,92
"839",56,95
"840",56,98
"841",57,1
"842",57,11
"843",57,53
"844",57,57
"845",57,71
"846",57,74
"847",57,75
"848",57,77
"849",57,79
"850",57,81
"851",57,88
"852",57,90
"853",57,92
"854",57,94
"855",57,98
"856",58,2
"857",58,11
"858",58,54
"859",58,58
"860",58,70
"861",58,72
"862",58,75
"863",58,77
"864",58,79
"865",58,87
"866",58,89
"867",58,90
"868",58,92
"869",58,94
"870",58,98
"871",59,2
"872",59,11
"873",59,54
"874",59,57
"875",59,71
"876",59,72
"877",59,75
"878",59,77
"879",59,80
"880",59,87
"881",59,89
"882",59,90
"883",59,92
"884",59,95
"885",59,98
"886",60,2
"887",60,11
"888",60,54
"889",60,62
"890",60,67
"891",60,72
"892",60,75
"893",60,78
"894",60,80
"895",60,86
"896",60,89
"897",60,90
"898",60,92
"899",60,94
"900",60,98
"901",61,1
"902",61,11
"903",61,54
"904",61,65
"905",61,68
"906",61,74
"907",61,75
"908",61,77
"909",61,80
"910",61,87
"911",61,88
"912",61,90
"913",61,92
"914",61,95
"915",61,98
"916",62,1
"917",62,11
"918",62,54
"919",62,64
"920",62,70
"921",62,72
"922",62,75
"923",62,78
"924",62,79
"925",62,85
"926",62,88
"927",62,90
"928",62,92
"929",62,94
"930",62,98
"931",63,1
"932",63,11
"933",63,54
"934",63,63
"935",63,71
"936",63,72
"937",63,75
"938",63,77
"939",63,80
"940",63,82
"941",63,89
"942",63,90
"943",63,92
"944",63,95
"945",63,98
"946",64,2
"947",64,11
"948",64,54
"949",64,66
"950",64,71
"951",64,74
"952",64,75
"953",64,77
"954",64,80
"955",64,81
"956",64,89
"957",64,90
"958",64,92
"959",64,94
"960",64,98
"961",65,2
"962",65,11
"963",65,54
"964",65,65
"965",65,70
"966",65,72
"967",65,75
"968",65,77
"969",65,79
"970",65,81
"971",65,89
"972",65,90
"973",65,92
"974",65,95
"975",65,98
"976",66,1
"977",66,11
"978",66,54
"979",66,55
"980",66,71
"981",66,74
"982",66,75
"983",66,77
"984",66,80
"985",66,87
"986",66,89
"987",66,90
"988",66,93
"989",66,95
"990",66,98
"991",67,2
"992",67,11
"993",67,54
"994",67,55
"995",67,70
"996",67,74
"997",67,75
"998",67,77
"999",67,80
"1000",67,82
"1001",67,89
"1002",67,90
"1003",67,92
"1004",67,94
"1005",67,98
"1006",68,3
"1007",68,11
"1008",68,54
"1009",68,58
"1010",68,70
"1011",68,74
"1012",68,75
"1013",68,77
"1014",68,80
"1015",68,87
"1016",68,89
"1017",68,90
"1018",68,92
"1019",68,95
"1020",68,98
"1021",69,2
"1022",69,11
"1023",69,53
"1024",69,56
"1025",69,71
"1026",69,74
"1027",69,75
"1028",69,77
"1029",69,80
"1030",69,85
"1031",69,89
"1032",69,90
"1033",69,92
"1034",69,94
"1035",69,98
"1036",70,2
"1037",70,11
"1038",70,54
"1039",70,66
"1040",70,71
"1041",70,74
"1042",70,75
"1043",70,77
"1044",70,80
"1045",70,86
"1046",70,89
"1047",70,90
"1048",70,92
"1049",70,94
"1050",70,98
"1051",71,3
"1052",71,11
"1053",71,54
"1054",71,56
"1055",71,68
"1056",71,74
"1057",71,75
"1058",71,77
"1059",71,79
"1060",71,87
"1061",71,89
"1062",71,90
"1063",71,92
"1064",71,95
"1065",71,98
"1066",72,3
"1067",72,11
"1068",72,54
"1069",72,66
"1070",72,68
"1071",72,74
"1072",72,75
"1073",72,78
"1074",72,80
"1075",72,85
"1076",72,89
"1077",72,90
"1078",72,92
"1079",72,95
"1080",72,98
"1081",73,3
"1082",73,11
"1083",73,54
"1084",73,66
"1085",73,68
"1086",73,74
"1087",73,75
"1088",73,77
"1089",73,80
"1090",73,86
"1091",73,89
"1092",73,90
"1093",73,92
"1094",73,95
"1095",73,98
"1096",74,3
"1097",74,11
"1098",74,54
"1099",74,57
"1100",74,67
"1101",74,74
"1102",74,75
"1103",74,77
"1104",74,80
"1105",74,82
"1106",74,89
"1107",74,90
"1108",74,92
"1109",74,95
"1110",74,98
"1111",75,3
"1112",75,11
"1113",75,54
"1114",75,55
"1115",75,69
"1116",75,74
"1117",75,75
"1118",75,77
"1119",75,80
"1120",75,86
"1121",75,89
"1122",75,90
"1123",75,92
"1124",75,95
"1125",75,98
"1126",76,3
"1127",76,11
"1128",76,54
"1129",76,56
"1130",76,70
"1131",76,74
"1132",76,75
"1133",76,77
"1134",76,79
"1135",76,85
"1136",76,89
"1137",76,90
"1138",76,93
"1139",76,94
"1140",76,98
"1141",77,1
"1142",77,11
"1143",77,52
"1144",77,58
"1145",77,71
"1146",77,72
"1147",77,75
"1148",77,77
"1149",77,80
"1150",77,86
"1151",77,88
"1152",77,90
"1153",77,92
"1154",77,94
"1155",77,98
"1156",78,3
"1157",78,11
"1158",78,54
"1159",78,59
"1160",78,69
"1161",78,74
"1162",78,75
"1163",78,77
"1164",78,80
"1165",78,85
"1166",78,88
"1167",78,90
"1168",78,92
"1169",78,95
"1170",78,98
"1171",79,3
"1172",79,11
"1173",79,52
"1174",79,61
"1175",79,67
"1176",79,74
"1177",79,75
"1178",79,77
"1179",79,80
"1180",79,84
"1181",79,89
"1182",79,90
"1183",79,92
"1184",79,95
"1185",79,98
"1186",80,3
"1187",80,11
"1188",80,52
"1189",80,61
"1190",80,69
"1191",80,74
"1192",80,75
"1193",80,77
"1194",80,80
"1195",80,84
"1196",80,89
"1197",80,90
"1198",80,92
"1199",80,95
"1200",80,98
"1201",81,3
"1202",81,11
"1203",81,54
"1204",81,62
"1205",81,70
"1206",81,74
"1207",81,75
"1208",81,77
"1209",81,80
"1210",81,83
"1211",81,88
"1212",81,90
"1213",81,92
"1214",81,95
"1215",81,98
"1216",82,1
"1217",82,11
"1218",82,52
"1219",82,64
"1220",82,68
"1221",82,74
"1222",82,75
"1223",82,77
"1224",82,80
"1225",82,82
"1226",82,88
"1227",82,91
"1228",82,93
"1229",82,95
"1230",82,98
"1231",83,1
"1232",83,11
"1233",83,54
"1234",83,64
"1235",83,69
"1236",83,74
"1237",83,75
"1238",83,77
"1239",83,80
"1240",83,84
"1241",83,89
"1242",83,90
"1243",83,92
"1244",83,95
"1245",83,98
"1246",84,3
"1247",84,11
"1248",84,52
"1249",84,65
"1250",84,68
"1251",84,74
"1252",84,75
"1253",84,77
"1254",84,79
"1255",84,86
"1256",84,88
"1257",84,90
"1258",84,92
"1259",84,95
"1260",84,98
"1261",85,3
"1262",85,11
"1263",85,54
"1264",85,57
"1265",85,68
"1266",85,74
"1267",85,75
"1268",85,77
"1269",85,79
"1270",85,83
"1271",85,89
"1272",85,90
"1273",85,92
"1274",85,95
"1275",85,98
"1276",86,3
"1277",86,11
"1278",86,54
"1279",86,57
"1280",86,68
"1281",86,72
"1282",86,75
"1283",86,77
"1284",86,79
"1285",86,81
"1286",86,89
"1287",86,90
"1288",86,93
"1289",86,95
"1290",86,98
"1291",87,3
"1292",87,11
"1293",87,54
"1294",87,58
"1295",87,69
"1296",87,74
"1297",87,75
"1298",87,77
"1299",87,80
"1300",87,83
"1301",87,89
"1302",87,90
"1303",87,92
"1304",87,95
"1305",87,98
"1306",88,3
"1307",88,11
"1308",88,52
"1309",88,55
"1310",88,69
"1311",88,73
"1312",88,75
"1313",88,78
"1314",88,80
"1315",88,84
"1316",88,89
"1317",88,90
"1318",88,92
"1319",88,95
"1320",88,98
"1321",89,3
"1322",89,11
"1323",89,54
"1324",89,62
"1325",89,69
"1326",89,73
"1327",89,75
"1328",89,77
"1329",89,79
"1330",89,81
"1331",89,89
"1332",89,90
"1333",89,92
"1334",89,95
"1335",89,98
"1336",90,3
"1337",90,11
"1338",90,54
"1339",90,63
"1340",90,68
"1341",90,74
"1342",90,75
"1343",90,77
"1344",90,79
"1345",90,87
"1346",90,89
"1347",90,90
"1348",90,92
"1349",90,95
"1350",90,98
"1351",91,3
"1352",91,11
"1353",91,54
"1354",91,64
"1355",91,69
"1356",91,74
"1357",91,75
"1358",91,77
"1359",91,80
"1360",91,83
"1361",91,89
"1362",91,91
"1363",91,93
"1364",91,95
"1365",91,98
"1366",92,3
"1367",92,11
"1368",92,54
"1369",92,64
"1370",92,68
"1371",92,74
"1372",92,75
"1373",92,77
"1374",92,80
"1375",92,85
"1376",92,89
"1377",92,90
"1378",92,92
"1379",92,95
"1380",92,98
"1381",93,3
"1382",93,12
"1383",93,52
"1384",93,56
"1385",93,68
"1386",93,74
"1387",93,76
"1388",93,77
"1389",93,79
"1390",93,83
"1391",93,89
"1392",93,90
"1393",93,92
"1394",93,95
"1395",93,96
"1396",94,3
"1397",94,12
"1398",94,53
"1399",94,65
"1400",94,70
"1401",94,73
"1402",94,76
"1403",94,77
"1404",94,80
"1405",94,86
"1406",94,89
"1407",94,90
"1408",94,92
"1409",94,94
"1410",94,96
"1411",95,2
"1412",95,12
"1413",95,52
"1414",95,59
"1415",95,69
"1416",95,72
"1417",95,75
"1418",95,78
"1419",95,80
"1420",95,82
"1421",95,89
"1422",95,91
"1423",95,92
"1424",95,95
"1425",95,97
"1426",96,2
"1427",96,12
"1428",96,52
"1429",96,64
"1430",96,70
"1431",96,72
"1432",96,75
"1433",96,78
"1434",96,80
"1435",96,86
"1436",96,89
"1437",96,91
"1438",96,92
"1439",96,94
"1440",96,97
"1441",97,3
"1442",97,13
"1443",97,54
"1444",97,57
"1445",97,70
"1446",97,74
"1447",97,76
"1448",97,77
"1449",97,80
"1450",97,86
"1451",97,89
"1452",97,90
"1453",97,92
"1454",97,94
"1455",97,98
"1456",98,2
"1457",98,13
"1458",98,52
"1459",98,66
"1460",98,71
"1461",98,72
"1462",98,75
"1463",98,78
"1464",98,80
"1465",98,86
"1466",98,88
"1467",98,90
"1468",98,92
"1469",98,94
"1470",98,97
"1471",99,2
"1472",99,13
"1473",99,53
"1474",99,64
"1475",99,70
"1476",99,74
"1477",99,76
"1478",99,77
"1479",99,79
"1480",99,81
"1481",99,89
"1482",99,90
"1483",99,92
"1484",99,94
"1485",99,98
"1486",100,2
"1487",100,13
"1488",100,53
"1489",100,61
"1490",100,69
"1491",100,74
"1492",100,75
"1493",100,77
"1494",100,79
"1495",100,83
"1496",100,89
"1497",100,90
"1498",100,92
"1499",100,95
"1500",100,96
"1501",101,3
"1502",101,13
"1503",101,54
"1504",101,66
"1505",101,68
"1506",101,74
"1507",101,75
"1508",101,78
"1509",101,80
"1510",101,81
"1511",101,89
"1512",101,90
"1513",101,92
"1514",101,95
"1515",101,97
"1516",102,2
"1517",102,14
"1518",102,53
"1519",102,66
"1520",102,71
"1521",102,74
"1522",102,76
"1523",102,77
"1524",102,80
"1525",102,82
"1526",102,89
"1527",102,90
"1528",102,92
"1529",102,94
"1530",102,96
"1531",103,3
"1532",103,14
"1533",103,52
"1534",103,58
"1535",103,68
"1536",103,72
"1537",103,75
"1538",103,78
"1539",103,80
"1540",103,83
"1541",103,88
"1542",103,90
"1543",103,92
"1544",103,95
"1545",103,96
"1546",104,2
"1547",104,15
"1548",104,52
"1549",104,60
"1550",104,71
"1551",104,72
"1552",104,75
"1553",104,78
"1554",104,80
"1555",104,87
"1556",104,89
"1557",104,91
"1558",104,92
"1559",104,94
"1560",104,98
"1561",105,2
"1562",105,15
"1563",105,53
"1564",105,56
"1565",105,69
"1566",105,74
"1567",105,76
"1568",105,77
"1569",105,80
"1570",105,82
"1571",105,89
"1572",105,90
"1573",105,92
"1574",105,95
"1575",105,98
"1576",106,3
"1577",106,16
"1578",106,53
"1579",106,57
"1580",106,68
"1581",106,74
"1582",106,76
"1583",106,77
"1584",106,80
"1585",106,83
"1586",106,89
"1587",106,90
"1588",106,92
"1589",106,95
"1590",106,98
"1591",107,3
"1592",107,16
"1593",107,52
"1594",107,61
"1595",107,67
"1596",107,74
"1597",107,76
"1598",107,77
"1599",107,80
"1600",107,83
"1601",107,89
"1602",107,90
"1603",107,92
"1604",107,95
"1605",107,97
"1606",108,2
"1607",108,16
"1608",108,52
"1609",108,64
"1610",108,71
"1611",108,72
"1612",108,75
"1613",108,78
"1614",108,80
"1615",108,82
"1616",108,89
"1617",108,90
"1618",108,92
"1619",108,94
"1620",108,96
"1621",109,3
"1622",109,16
"1623",109,54
"1624",109,64
"1625",109,70
"1626",109,74
"1627",109,75
"1628",109,77
"1629",109,79
"1630",109,87
"1631",109,89
"1632",109,90
"1633",109,92
"1634",109,94
"1635",109,98
"1636",110,3
"1637",110,16
"1638",110,53
"1639",110,57
"1640",110,70
"1641",110,74
"1642",110,76
"1643",110,77
"1644",110,80
"1645",110,83
"1646",110,89
"1647",110,90
"1648",110,92
"1649",110,94
"1650",110,96
"1651",111,2
"1652",111,16
"1653",111,53
"1654",111,65
"1655",111,67
"1656",111,74
"1657",111,76
"1658",111,77
"1659",111,80
"1660",111,86
"1661",111,89
"1662",111,91
"1663",111,92
"1664",111,94
"1665",111,96
"1666",112,3
"1667",112,17
"1668",112,52
"1669",112,56
"1670",112,70
"1671",112,72
"1672",112,75
"1673",112,78
"1674",112,79
"1675",112,86
"1676",112,89
"1677",112,90
"1678",112,92
"1679",112,95
"1680",112,96
"1681",113,2
"1682",113,17
"1683",113,52
"1684",113,59
"1685",113,67
"1686",113,72
"1687",113,75
"1688",113,78
"1689",113,80
"1690",113,82
"1691",113,89
"1692",113,91
"1693",113,92
"1694",113,94
"1695",113,98
"1696",114,2
"1697",114,17
"1698",114,52
"1699",114,57
"1700",114,67
"1701",114,72
"1702",114,75
"1703",114,78
"1704",114,79
"1705",114,85
"1706",114,89
"1707",114,90
"1708",114,92
"1709",114,95
"1710",114,96
"1711",115,3
"1712",115,17
"1713",115,53
"1714",115,61
"1715",115,68
"1716",115,74
"1717",115,76
"1718",115,77
"1719",115,79
"1720",115,83
"1721",115,89
"1722",115,90
"1723",115,93
"1724",115,95
"1725",115,96
"1726",116,3
"1727",116,17
"1728",116,53
"1729",116,64
"1730",116,70
"1731",116,74
"1732",116,76
"1733",116,77
"1734",116,79
"1735",116,82
"1736",116,89
"1737",116,90
"1738",116,92
"1739",116,94
"1740",116,97
"1741",117,3
"1742",117,17
"1743",117,52
"1744",117,62
"1745",117,71
"1746",117,72
"1747",117,75
"1748",117,78
"1749",117,79
"1750",117,83
"1751",117,88
"1752",117,90
"1753",117,92
"1754",117,94
"1755",117,96
"1756",118,3
"1757",118,17
"1758",118,52
"1759",118,55
"1760",118,70
"1761",118,72
"1762",118,75
"1763",118,78
"1764",118,79
"1765",118,85
"1766",118,89
"1767",118,90
"1768",118,92
"1769",118,94
"1770",118,96
"1771",119,3
"1772",119,17
"1773",119,52
"1774",119,61
"1775",119,67
"1776",119,73
"1777",119,76
"1778",119,78
"1779",119,79
"1780",119,82
"1781",119,89
"1782",119,90
"1783",119,92
"1784",119,95
"1785",119,96
"1786",120,3
"1787",120,17
"1788",120,52
"1789",120,65
"1790",120,70
"1791",120,72
"1792",120,75
"1793",120,78
"1794",120,79
"1795",120,81
"1796",120,89
"1797",120,90
"1798",120,92
"1799",120,94
"1800",120,96
"1801",121,2
"1802",121,17
"1803",121,52
"1804",121,61
"1805",121,71
"1806",121,72
"1807",121,75
"1808",121,77
"1809",121,80
"1810",121,84
"1811",121,89
"1812",121,90
"1813",121,93
"1814",121,94
"1815",121,96
"1816",122,3
"1817",122,17
"1818",122,53
"1819",122,66
"1820",122,67
"1821",122,72
"1822",122,76
"1823",122,77
"1824",122,79
"1825",122,87
"1826",122,88
"1827",122,90
"1828",122,92
"1829",122,94
"1830",122,96
"1831",123,2
"1832",123,17
"1833",123,52
"1834",123,55
"1835",123,69
"1836",123,72
"1837",123,75
"1838",123,78
"1839",123,80
"1840",123,84
"1841",123,88
"1842",123,90
"1843",123,92
"1844",123,95
"1845",123,96
"1846",124,3
"1847",124,18
"1848",124,53
"1849",124,65
"1850",124,70
"1851",124,73
"1852",124,76
"1853",124,77
"1854",124,79
"1855",124,82
"1856",124,89
"1857",124,90
"1858",124,93
"1859",124,94
"1860",124,96
"1861",125,2
"1862",125,19
"1863",125,54
"1864",125,62
"1865",125,71
"1866",125,72
"1867",125,75
"1868",125,77
"1869",125,79
"1870",125,83
"1871",125,89
"1872",125,90
"1873",125,92
"1874",125,95
"1875",125,98
"1876",126,2
"1877",126,19
"1878",126,54
"1879",126,63
"1880",126,71
"1881",126,72
"1882",126,75
"1883",126,77
"1884",126,80
"1885",126,81
"1886",126,89
"1887",126,91
"1888",126,92
"1889",126,94
"1890",126,98
"1891",127,1
"1892",127,19
"1893",127,54
"1894",127,65
"1895",127,70
"1896",127,74
"1897",127,75
"1898",127,77
"1899",127,79
"1900",127,84
"1901",127,89
"1902",127,90
"1903",127,92
"1904",127,94
"1905",127,98
"1906",128,1
"1907",128,19
"1908",128,54
"1909",128,65
"1910",128,69
"1911",128,74
"1912",128,75
"1913",128,77
"1914",128,79
"1915",128,84
"1916",128,89
"1917",128,90
"1918",128,92
"1919",128,95
"1920",128,98
"1921",129,3
"1922",129,19
"1923",129,54
"1924",129,57
"1925",129,67
"1926",129,74
"1927",129,75
"1928",129,77
"1929",129,79
"1930",129,82
"1931",129,89
"1932",129,90
"1933",129,92
"1934",129,95
"1935",129,98
"1936",130,3
"1937",130,19
"1938",130,54
"1939",130,59
"1940",130,67
"1941",130,74
"1942",130,75
"1943",130,78
"1944",130,80
"1945",130,85
"1946",130,89
"1947",130,90
"1948",130,92
"1949",130,95
"1950",130,98
"1951",131,2
"1952",131,19
"1953",131,54
"1954",131,61
"1955",131,69
"1956",131,74
"1957",131,75
"1958",131,77
"1959",131,80
"1960",131,85
"1961",131,89
"1962",131,90
"1963",131,92
"1964",131,95
"1965",131,98
"1966",132,3
"1967",132,19
"1968",132,54
"1969",132,64
"1970",132,69
"1971",132,74
"1972",132,75
"1973",132,77
"1974",132,79
"1975",132,84
"1976",132,89
"1977",132,90
"1978",132,92
"1979",132,95
"1980",132,98
"1981",133,3
"1982",133,20
"1983",133,53
"1984",133,55
"1985",133,68
"1986",133,74
"1987",133,76
"1988",133,77
"1989",133,80
"1990",133,87
"1991",133,89
"1992",133,90
"1993",133,92
"1994",133,95
"1995",133,97
"1996",134,2
"1997",134,20
"1998",134,52
"1999",134,66
"2000",134,71
"2001",134,72
"2002",134,75
"2003",134,78
"2004",134,80
"2005",134,85
"2006",134,89
"2007",134,90
"2008",134,92
"2009",134,94
"2010",134,97
"2011",135,3
"2012",135,21
"2013",135,52
"2014",135,64
"2015",135,68
"2016",135,74
"2017",135,76
"2018",135,77
"2019",135,80
"2020",135,82
"2021",135,89
"2022",135,90
"2023",135,92
"2024",135,95
"2025",135,98
"2026",136,3
"2027",136,21
"2028",136,53
"2029",136,59
"2030",136,70
"2031",136,74
"2032",136,75
"2033",136,77
"2034",136,80
"2035",136,84
"2036",136,89
"2037",136,90
"2038",136,92
"2039",136,95
"2040",136,98
"2041",137,2
"2042",137,22
"2043",137,54
"2044",137,63
"2045",137,71
"2046",137,72
"2047",137,75
"2048",137,78
"2049",137,79
"2050",137,86
"2051",137,88
"2052",137,91
"2053",137,92
"2054",137,94
"2055",137,98
"2056",138,3
"2057",138,22
"2058",138,54
"2059",138,58
"2060",138,68
"2061",138,72
"2062",138,75
"2063",138,77
"2064",138,80
"2065",138,83
"2066",138,88
"2067",138,90
"2068",138,92
"2069",138,95
"2070",138,98
"2071",139,3
"2072",139,22
"2073",139,54
"2074",139,63
"2075",139,71
"2076",139,74
"2077",139,75
"2078",139,77
"2079",139,79
"2080",139,84
"2081",139,89
"2082",139,90
"2083",139,92
"2084",139,94
"2085",139,98
"2086",140,3
"2087",140,22
"2088",140,54
"2089",140,65
"2090",140,70
"2091",140,74
"2092",140,75
"2093",140,77
"2094",140,79
"2095",140,85
"2096",140,89
"2097",140,90
"2098",140,92
"2099",140,94
"2100",140,97
"2101",141,3
"2102",141,23
"2103",141,53
"2104",141,61
"2105",141,70
"2106",141,74
"2107",141,76
"2108",141,77
"2109",141,79
"2110",141,85
"2111",141,88
"2112",141,90
"2113",141,92
"2114",141,95
"2115",141,96
"2116",142,3
"2117",142,23
"2118",142,53
"2119",142,65
"2120",142,69
"2121",142,74
"2122",142,76
"2123",142,77
"2124",142,80
"2125",142,85
"2126",142,89
"2127",142,90
"2128",142,92
"2129",142,95
"2130",142,98
"2131",143,2
"2132",143,23
"2133",143,53
"2134",143,56
"2135",143,70
"2136",143,72
"2137",143,75
"2138",143,77
"2139",143,80
"2140",143,81
"2141",143,89
"2142",143,90
"2143",143,92
"2144",143,94
"2145",143,96
"2146",144,3
"2147",144,24
"2148",144,53
"2149",144,55
"2150",144,68
"2151",144,73
"2152",144,76
"2153",144,77
"2154",144,80
"2155",144,83
"2156",144,88
"2157",144,90
"2158",144,92
"2159",144,95
"2160",144,96
"2161",145,2
"2162",145,24
"2163",145,53
"2164",145,61
"2165",145,70
"2166",145,74
"2167",145,76
"2168",145,77
"2169",145,79
"2170",145,87
"2171",145,89
"2172",145,90
"2173",145,92
"2174",145,95
"2175",145,96
"2176",146,3
"2177",146,25
"2178",146,54
"2179",146,58
"2180",146,68
"2181",146,74
"2182",146,76
"2183",146,77
"2184",146,79
"2185",146,85
"2186",146,89
"2187",146,90
"2188",146,92
"2189",146,95
"2190",146,98
"2191",147,3
"2192",147,25
"2193",147,54
"2194",147,56
"2195",147,68
"2196",147,74
"2197",147,76
"2198",147,77
"2199",147,80
"2200",147,82
"2201",147,89
"2202",147,90
"2203",147,92
"2204",147,95
"2205",147,98
"2206",148,1
"2207",148,25
"2208",148,52
"2209",148,65
"2210",148,70
"2211",148,72
"2212",148,75
"2213",148,78
"2214",148,80
"2215",148,81
"2216",148,88
"2217",148,90
"2218",148,92
"2219",148,94
"2220",148,96
"2221",149,2
"2222",149,25
"2223",149,52
"2224",149,55
"2225",149,70
"2226",149,72
"2227",149,75
"2228",149,78
"2229",149,80
"2230",149,87
"2231",149,89
"2232",149,90
"2233",149,92
"2234",149,94
"2235",149,96
"2236",150,3
"2237",150,25
"2238",150,52
"2239",150,66
"2240",150,70
"2241",150,72
"2242",150,75
"2243",150,78
"2244",150,80
"2245",150,85
"2246",150,88
"2247",150,90
"2248",150,92
"2249",150,94
"2250",150,97
"2251",151,3
"2252",151,26
"2253",151,53
"2254",151,56
"2255",151,69
"2256",151,74
"2257",151,76
"2258",151,77
"2259",151,80
"2260",151,87
"2261",151,89
"2262",151,90
"2263",151,92
"2264",151,95
"2265",151,98
"2266",152,3
"2267",152,26
"2268",152,53
"2269",152,59
"2270",152,68
"2271",152,74
"2272",152,76
"2273",152,77
"2274",152,80
"2275",152,81
"2276",152,89
"2277",152,90
"2278",152,92
"2279",152,95
"2280",152,96
"2281",153,3
"2282",153,26
"2283",153,53
"2284",153,63
"2285",153,67
"2286",153,74
"2287",153,75
"2288",153,77
"2289",153,79
"2290",153,82
"2291",153,89
"2292",153,90
"2293",153,92
"2294",153,94
"2295",153,96
"2296",154,2
"2297",154,26
"2298",154,53
"2299",154,60
"2300",154,67
"2301",154,72
"2302",154,76
"2303",154,78
"2304",154,79
"2305",154,81
"2306",154,89
"2307",154,90
"2308",154,93
"2309",154,95
"2310",154,96
"2311",155,3
"2312",155,26
"2313",155,52
"2314",155,57
"2315",155,70
"2316",155,73
"2317",155,75
"2318",155,78
"2319",155,79
"2320",155,87
"2321",155,88
"2322",155,90
"2323",155,92
"2324",155,94
"2325",155,96
"2326",156,3
"2327",156,27
"2328",156,54
"2329",156,57
"2330",156,70
"2331",156,73
"2332",156,75
"2333",156,78
"2334",156,80
"2335",156,82
"2336",156,89
"2337",156,90
"2338",156,92
"2339",156,94
"2340",156,98
"2341",157,3
"2342",157,27
"2343",157,54
"2344",157,57
"2345",157,67
"2346",157,74
"2347",157,75
"2348",157,77
"2349",157,79
"2350",157,86
"2351",157,89
"2352",157,90
"2353",157,92
"2354",157,95
"2355",157,98
"2356",158,3
"2357",158,27
"2358",158,54
"2359",158,66
"2360",158,68
"2361",158,73
"2362",158,75
"2363",158,78
"2364",158,79
"2365",158,84
"2366",158,88
"2367",158,90
"2368",158,92
"2369",158,95
"2370",158,98
"2371",159,2
"2372",159,27
"2373",159,53
"2374",159,65
"2375",159,70
"2376",159,74
"2377",159,75
"2378",159,77
"2379",159,80
"2380",159,82
"2381",159,89
"2382",159,90
"2383",159,92
"2384",159,94
"2385",159,98
"2386",160,3
"2387",160,27
"2388",160,54
"2389",160,66
"2390",160,68
"2391",160,74
"2392",160,75
"2393",160,77
"2394",160,79
"2395",160,82
"2396",160,89
"2397",160,90
"2398",160,92
"2399",160,95
"2400",160,98
"2401",161,2
"2402",161,28
"2403",161,52
"2404",161,62
"2405",161,71
"2406",161,72
"2407",161,75
"2408",161,78
"2409",161,79
"2410",161,86
"2411",161,88
"2412",161,90
"2413",161,92
"2414",161,94
"2415",161,96
"2416",162,3
"2417",162,28
"2418",162,54
"2419",162,65
"2420",162,70
"2421",162,74
"2422",162,76
"2423",162,77
"2424",162,79
"2425",162,84
"2426",162,88
"2427",162,90
"2428",162,92
"2429",162,94
"2430",162,96
"2431",163,3
"2432",163,28
"2433",163,52
"2434",163,57
"2435",163,70
"2436",163,74
"2437",163,76
"2438",163,77
"2439",163,80
"2440",163,87
"2441",163,89
"2442",163,90
"2443",163,92
"2444",163,94
"2445",163,97
"2446",164,2
"2447",164,29
"2448",164,52
"2449",164,64
"2450",164,70
"2451",164,72
"2452",164,75
"2453",164,78
"2454",164,80
"2455",164,84
"2456",164,89
"2457",164,90
"2458",164,92
"2459",164,94
"2460",164,97
"2461",165,3
"2462",165,29
"2463",165,53
"2464",165,56
"2465",165,70
"2466",165,72
"2467",165,76
"2468",165,77
"2469",165,79
"2470",165,87
"2471",165,89
"2472",165,90
"2473",165,92
"2474",165,94
"2475",165,96
"2476",166,3
"2477",166,29
"2478",166,54
"2479",166,62
"2480",166,68
"2481",166,74
"2482",166,76
"2483",166,77
"2484",166,80
"2485",166,87
"2486",166,89
"2487",166,90
"2488",166,92
"2489",166,95
"2490",166,98
"2491",167,3
"2492",167,29
"2493",167,53
"2494",167,55
"2495",167,68
"2496",167,74
"2497",167,76
"2498",167,77
"2499",167,79
"2500",167,86
"2501",167,89
"2502",167,90
"2503",167,92
"2504",167,95
"2505",167,96
"2506",168,3
"2507",168,29
"2508",168,52
"2509",168,63
"2510",168,70
"2511",168,72
"2512",168,75
"2513",168,78
"2514",168,80
"2515",168,81
"2516",168,89
"2517",168,91
"2518",168,92
"2519",168,94
"2520",168,96
"2521",169,3
"2522",169,29
"2523",169,54
"2524",169,63
"2525",169,68
"2526",169,72
"2527",169,76
"2528",169,78
"2529",169,80
"2530",169,86
"2531",169,88
"2532",169,90
"2533",169,92
"2534",169,95
"2535",169,96
"2536",170,2
"2537",170,29
"2538",170,52
"2539",170,56
"2540",170,71
"2541",170,72
"2542",170,75
"2543",170,78
"2544",170,80
"2545",170,84
"2546",170,89
"2547",170,90
"2548",170,92
"2549",170,94
"2550",170,96
"2551",171,2
"2552",171,30
"2553",171,53
"2554",171,60
"2555",171,68
"2556",171,74
"2557",171,76
"2558",171,77
"2559",171,79
"2560",171,82
"2561",171,89
"2562",171,90
"2563",171,92
"2564",171,95
"2565",171,98
"2566",172,2
"2567",172,30
"2568",172,52
"2569",172,62
"2570",172,70
"2571",172,72
"2572",172,75
"2573",172,78
"2574",172,80
"2575",172,87
"2576",172,89
"2577",172,90
"2578",172,92
"2579",172,95
"2580",172,97
"2581",173,3
"2582",173,30
"2583",173,53
"2584",173,56
"2585",173,68
"2586",173,74
"2587",173,76
"2588",173,77
"2589",173,79
"2590",173,86
"2591",173,89
"2592",173,90
"2593",173,92
"2594",173,95
"2595",173,97
"2596",174,2
"2597",174,30
"2598",174,52
"2599",174,63
"2600",174,67
"2601",174,72
"2602",174,76
"2603",174,77
"2604",174,80
"2605",174,87
"2606",174,89
"2607",174,90
"2608",174,92
"2609",174,94
"2610",174,96
"2611",175,1
"2612",175,30
"2613",175,53
"2614",175,55
"2615",175,67
"2616",175,74
"2617",175,75
"2618",175,77
"2619",175,79
"2620",175,84
"2621",175,88
"2622",175,90
"2623",175,92
"2624",175,95
"2625",175,98
"2626",176,2
"2627",176,30
"2628",176,52
"2629",176,62
"2630",176,71
"2631",176,72
"2632",176,75
"2633",176,78
"2634",176,80
"2635",176,87
"2636",176,88
"2637",176,90
"2638",176,92
"2639",176,94
"2640",176,98
"2641",177,2
"2642",177,30
"2643",177,52
"2644",177,57
"2645",177,67
"2646",177,72
"2647",177,75
"2648",177,78
"2649",177,80
"2650",177,81
"2651",177,88
"2652",177,90
"2653",177,92
"2654",177,94
"2655",177,98
"2656",178,3
"2657",178,30
"2658",178,53
"2659",178,62
"2660",178,67
"2661",178,74
"2662",178,76
"2663",178,77
"2664",178,79
"2665",178,81
"2666",178,89
"2667",178,90
"2668",178,92
"2669",178,95
"2670",178,98
"2671",179,3
"2672",179,30
"2673",179,53
"2674",179,66
"2675",179,68
"2676",179,72
"2677",179,76
"2678",179,77
"2679",179,80
"2680",179,85
"2681",179,89
"2682",179,90
"2683",179,92
"2684",179,95
"2685",179,98
"2686",180,3
"2687",180,30
"2688",180,52
"2689",180,65
"2690",180,70
"2691",180,72
"2692",180,75
"2693",180,78
"2694",180,80
"2695",180,83
"2696",180,89
"2697",180,90
"2698",180,92
"2699",180,94
"2700",180,97
"2701",181,2
"2702",181,30
"2703",181,52
"2704",181,66
"2705",181,71
"2706",181,72
"2707",181,75
"2708",181,78
"2709",181,80
"2710",181,87
"2711",181,88
"2712",181,90
"2713",181,92
"2714",181,94
"2715",181,97
"2716",182,1
"2717",182,30
"2718",182,52
"2719",182,57
"2720",182,71
"2721",182,72
"2722",182,75
"2723",182,77
"2724",182,80
"2725",182,87
"2726",182,89
"2727",182,90
"2728",182,92
"2729",182,94
"2730",182,97
"2731",183,3
"2732",183,30
"2733",183,53
"2734",183,55
"2735",183,70
"2736",183,74
"2737",183,76
"2738",183,77
"2739",183,79
"2740",183,87
"2741",183,89
"2742",183,90
"2743",183,92
"2744",183,94
"2745",183,96
"2746",184,2
"2747",184,30
"2748",184,53
"2749",184,55
"2750",184,69
"2751",184,74
"2752",184,76
"2753",184,77
"2754",184,80
"2755",184,84
"2756",184,89
"2757",184,91
"2758",184,92
"2759",184,95
"2760",184,97
"2761",185,3
"2762",185,30
"2763",185,53
"2764",185,56
"2765",185,68
"2766",185,74
"2767",185,76
"2768",185,77
"2769",185,79
"2770",185,84
"2771",185,89
"2772",185,90
"2773",185,92
"2774",185,95
"2775",185,97
"2776",186,3
"2777",186,30
"2778",186,53
"2779",186,56
"2780",186,70
"2781",186,74
"2782",186,76
"2783",186,77
"2784",186,80
"2785",186,86
"2786",186,89
"2787",186,90
"2788",186,92
"2789",186,94
"2790",186,98
"2791",187,2
"2792",187,30
"2793",187,52
"2794",187,56
"2795",187,67
"2796",187,72
"2797",187,75
"2798",187,78
"2799",187,80
"2800",187,87
"2801",187,88
"2802",187,90
"2803",187,92
"2804",187,94
"2805",187,97
"2806",188,2
"2807",188,30
"2808",188,52
"2809",188,56
"2810",188,67
"2811",188,74
"2812",188,76
"2813",188,77
"2814",188,80
"2815",188,85
"2816",188,88
"2817",188,90
"2818",188,92
"2819",188,95
"2820",188,96
"2821",189,3
"2822",189,30
"2823",189,53
"2824",189,55
"2825",189,70
"2826",189,74
"2827",189,76
"2828",189,77
"2829",189,79
"2830",189,85
"2831",189,89
"2832",189,90
"2833",189,92
"2834",189,94
"2835",189,98
"2836",190,3
"2837",190,30
"2838",190,52
"2839",190,57
"2840",190,69
"2841",190,74
"2842",190,76
"2843",190,77
"2844",190,79
"2845",190,85
"2846",190,89
"2847",190,90
"2848",190,92
"2849",190,95
"2850",190,98
"2851",191,2
"2852",191,30
"2853",191,52
"2854",191,57
"2855",191,67
"2856",191,74
"2857",191,75
"2858",191,77
"2859",191,80
"2860",191,83
"2861",191,88
"2862",191,90
"2863",191,92
"2864",191,94
"2865",191,97
"2866",192,3
"2867",192,30
"2868",192,52
"2869",192,57
"2870",192,68
"2871",192,74
"2872",192,76
"2873",192,77
"2874",192,80
"2875",192,87
"2876",192,89
"2877",192,90
"2878",192,92
"2879",192,95
"2880",192,98
"2881",193,3
"2882",193,30
"2883",193,53
"2884",193,57
"2885",193,67
"2886",193,74
"2887",193,76
"2888",193,77
"2889",193,79
"2890",193,86
"2891",193,89
"2892",193,90
"2893",193,92
"2894",193,95
"2895",193,97
"2896",194,2
"2897",194,30
"2898",194,53
"2899",194,58
"2900",194,70
"2901",194,74
"2902",194,76
"2903",194,77
"2904",194,80
"2905",194,85
"2906",194,89
"2907",194,90
"2908",194,92
"2909",194,94
"2910",194,96
"2911",195,2
"2912",195,30
"2913",195,52
"2914",195,59
"2915",195,71
"2916",195,74
"2917",195,76
"2918",195,77
"2919",195,80
"2920",195,87
"2921",195,88
"2922",195,90
"2923",195,92
"2924",195,94
"2925",195,98
"2926",196,2
"2927",196,30
"2928",196,53
"2929",196,59
"2930",196,67
"2931",196,74
"2932",196,76
"2933",196,77
"2934",196,79
"2935",196,82
"2936",196,88
"2937",196,90
"2938",196,92
"2939",196,95
"2940",196,96
"2941",197,2
"2942",197,30
"2943",197,53
"2944",197,59
"2945",197,67
"2946",197,74
"2947",197,76
"2948",197,77
"2949",197,79
"2950",197,84
"2951",197,89
"2952",197,90
"2953",197,92
"2954",197,95
"2955",197,96
"2956",198,2
"2957",198,30
"2958",198,53
"2959",198,60
"2960",198,70
"2961",198,72
"2962",198,76
"2963",198,77
"2964",198,79
"2965",198,86
"2966",198,88
"2967",198,90
"2968",198,92
"2969",198,95
"2970",198,98
"2971",199,2
"2972",199,30
"2973",199,53
"2974",199,60
"2975",199,67
"2976",199,74
"2977",199,76
"2978",199,77
"2979",199,80
"2980",199,87
"2981",199,89
"2982",199,90
"2983",199,92
"2984",199,95
"2985",199,96
"2986",200,3
"2987",200,30
"2988",200,53
"2989",200,61
"2990",200,70
"2991",200,74
"2992",200,76
"2993",200,77
"2994",200,80
"2995",200,86
"2996",200,89
"2997",200,90
"2998",200,92
"2999",200,95
"3000",200,96
"3001",201,3
"3002",201,30
"3003",201,53
"3004",201,61
"3005",201,70
"3006",201,74
"3007",201,76
"3008",201,77
"3009",201,79
"3010",201,83
"3011",201,88
"3012",201,90
"3013",201,92
"3014",201,95
"3015",201,96
"3016",202,3
"3017",202,30
"3018",202,53
"3019",202,62
"3020",202,70
"3021",202,74
"3022",202,76
"3023",202,77
"3024",202,80
"3025",202,82
"3026",202,89
"3027",202,90
"3028",202,92
"3029",202,94
"3030",202,96
"3031",203,3
"3032",203,30
"3033",203,53
"3034",203,62
"3035",203,68
"3036",203,74
"3037",203,76
"3038",203,77
"3039",203,79
"3040",203,87
"3041",203,89
"3042",203,90
"3043",203,93
"3044",203,95
"3045",203,97
"3046",204,2
"3047",204,30
"3048",204,52
"3049",204,63
"3050",204,67
"3051",204,74
"3052",204,76
"3053",204,77
"3054",204,79
"3055",204,84
"3056",204,89
"3057",204,90
"3058",204,92
"3059",204,95
"3060",204,98
"3061",205,3
"3062",205,30
"3063",205,53
"3064",205,63
"3065",205,68
"3066",205,74
"3067",205,76
"3068",205,77
"3069",205,80
"3070",205,82
"3071",205,89
"3072",205,90
"3073",205,92
"3074",205,95
"3075",205,98
"3076",206,2
"3077",206,30
"3078",206,53
"3079",206,64
"3080",206,70
"3081",206,74
"3082",206,76
"3083",206,77
"3084",206,79
"3085",206,84
"3086",206,88
"3087",206,90
"3088",206,92
"3089",206,95
"3090",206,96
"3091",207,2
"3092",207,30
"3093",207,53
"3094",207,65
"3095",207,70
"3096",207,74
"3097",207,76
"3098",207,77
"3099",207,79
"3100",207,83
"3101",207,89
"3102",207,90
"3103",207,92
"3104",207,94
"3105",207,96
"3106",208,3
"3107",208,30
"3108",208,53
"3109",208,65
"3110",208,70
"3111",208,74
"3112",208,76
"3113",208,77
"3114",208,80
"3115",208,86
"3116",208,89
"3117",208,90
"3118",208,92
"3119",208,94
"3120",208,97
"3121",209,2
"3122",209,30
"3123",209,53
"3124",209,65
"3125",209,68
"3126",209,74
"3127",209,76
"3128",209,77
"3129",209,80
"3130",209,85
"3131",209,88
"3132",209,90
"3133",209,92
"3134",209,95
"3135",209,98
"3136",210,3
"3137",210,30
"3138",210,53
"3139",210,65
"3140",210,67
"3141",210,74
"3142",210,76
"3143",210,77
"3144",210,80
"3145",210,85
"3146",210,89
"3147",210,90
"3148",210,92
"3149",210,94
"3150",210,96
"3151",211,2
"3152",211,30
"3153",211,53
"3154",211,66
"3155",211,71
"3156",211,74
"3157",211,76
"3158",211,77
"3159",211,80
"3160",211,82
"3161",211,89
"3162",211,90
"3163",211,92
"3164",211,94
"3165",211,98
"3166",212,3
"3167",212,30
"3168",212,53
"3169",212,66
"3170",212,69
"3171",212,74
"3172",212,76
"3173",212,77
"3174",212,80
"3175",212,82
"3176",212,89
"3177",212,90
"3178",212,92
"3179",212,95
"3180",212,96
"3181",213,2
"3182",213,30
"3183",213,52
"3184",213,66
"3185",213,70
"3186",213,72
"3187",213,75
"3188",213,78
"3189",213,80
"3190",213,82
"3191",213,88
"3192",213,90
"3193",213,92
"3194",213,94
"3195",213,97
"3196",214,3
"3197",214,30
"3198",214,53
"3199",214,66
"3200",214,67
"3201",214,72
"3202",214,75
"3203",214,77
"3204",214,80
"3205",214,83
"3206",214,88
"3207",214,90
"3208",214,92
"3209",214,94
"3210",214,97
"3211",215,3
"3212",215,30
"3213",215,53
"3214",215,59
"3215",215,68
"3216",215,74
"3217",215,76
"3218",215,77
"3219",215,80
"3220",215,82
"3221",215,89
"3222",215,90
"3223",215,92
"3224",215,95
"3225",215,98
"3226",216,3
"3227",216,30
"3228",216,53
"3229",216,57
"3230",216,68
"3231",216,74
"3232",216,76
"3233",216,77
"3234",216,80
"3235",216,81
"3236",216,89
"3237",216,90
"3238",216,92
"3239",216,95
"3240",216,98
"3241",217,3
"3242",217,30
"3243",217,52
"3244",217,65
"3245",217,71
"3246",217,72
"3247",217,75
"3248",217,78
"3249",217,80
"3250",217,87
"3251",217,89
"3252",217,91
"3253",217,92
"3254",217,94
"3255",217,97
"3256",218,1
"3257",218,30
"3258",218,52
"3259",218,56
"3260",218,67
"3261",218,72
"3262",218,75
"3263",218,78
"3264",218,80
"3265",218,81
"3266",218,88
"3267",218,90
"3268",218,92
"3269",218,94
"3270",218,98
"3271",219,2
"3272",219,30
"3273",219,52
"3274",219,56
"3275",219,69
"3276",219,73
"3277",219,76
"3278",219,78
"3279",219,80
"3280",219,82
"3281",219,88
"3282",219,90
"3283",219,92
"3284",219,95
"3285",219,96
"3286",220,2
"3287",220,30
"3288",220,52
"3289",220,62
"3290",220,71
"3291",220,72
"3292",220,75
"3293",220,78
"3294",220,80
"3295",220,81
"3296",220,89
"3297",220,90
"3298",220,92
"3299",220,94
"3300",220,96
"3301",221,1
"3302",221,30
"3303",221,52
"3304",221,63
"3305",221,71
"3306",221,72
"3307",221,75
"3308",221,78
"3309",221,80
"3310",221,83
"3311",221,89
"3312",221,90
"3313",221,92
"3314",221,94
"3315",221,97
"3316",222,2
"3317",222,30
"3318",222,52
"3319",222,64
"3320",222,71
"3321",222,72
"3322",222,75
"3323",222,78
"3324",222,80
"3325",222,84
"3326",222,88
"3327",222,90
"3328",222,92
"3329",222,94
"3330",222,98
"3331",223,3
"3332",223,30
"3333",223,53
"3334",223,66
"3335",223,70
"3336",223,72
"3337",223,76
"3338",223,77
"3339",223,79
"3340",223,85
"3341",223,88
"3342",223,90
"3343",223,92
"3344",223,94
"3345",223,98
"3346",224,2
"3347",224,30
"3348",224,52
"3349",224,65
"3350",224,70
"3351",224,72
"3352",224,75
"3353",224,78
"3354",224,79
"3355",224,81
"3356",224,89
"3357",224,90
"3358",224,92
"3359",224,94
"3360",224,97
"3361",225,2
"3362",225,31
"3363",225,52
"3364",225,57
"3365",225,71
"3366",225,72
"3367",225,75
"3368",225,78
"3369",225,79
"3370",225,87
"3371",225,88
"3372",225,90
"3373",225,92
"3374",225,94
"3375",225,97
"3376",226,3
"3377",226,31
"3378",226,52
"3379",226,66
"3380",226,70
"3381",226,72
"3382",226,75
"3383",226,78
"3384",226,80
"3385",226,87
"3386",226,88
"3387",226,90
"3388",226,92
"3389",226,94
"3390",226,97
"3391",227,3
"3392",227,31
"3393",227,53
"3394",227,60
"3395",227,70
"3396",227,74
"3397",227,76
"3398",227,77
"3399",227,79
"3400",227,83
"3401",227,89
"3402",227,90
"3403",227,92
"3404",227,94
"3405",227,98
"3406",228,3
"3407",228,31
"3408",228,53
"3409",228,56
"3410",228,69
"3411",228,74
"3412",228,76
"3413",228,77
"3414",228,79
"3415",228,82
"3416",228,89
"3417",228,90
"3418",228,92
"3419",228,95
"3420",228,97
"3421",229,3
"3422",229,31
"3423",229,54
"3424",229,58
"3425",229,67
"3426",229,74
"3427",229,76
"3428",229,78
"3429",229,79
"3430",229,85
"3431",229,89
"3432",229,90
"3433",229,92
"3434",229,94
"3435",229,96
"3436",230,3
"3437",230,31
"3438",230,53
"3439",230,61
"3440",230,70
"3441",230,74
"3442",230,76
"3443",230,77
"3444",230,79
"3445",230,86
"3446",230,89
"3447",230,90
"3448",230,92
"3449",230,95
"3450",230,98
"3451",231,2
"3452",231,31
"3453",231,52
"3454",231,65
"3455",231,71
"3456",231,72
"3457",231,75
"3458",231,78
"3459",231,80
"3460",231,83
"3461",231,88
"3462",231,90
"3463",231,92
"3464",231,94
"3465",231,97
"3466",232,2
"3467",232,31
"3468",232,52
"3469",232,64
"3470",232,70
"3471",232,72
"3472",232,75
"3473",232,78
"3474",232,80
"3475",232,81
"3476",232,88
"3477",232,90
"3478",232,92
"3479",232,94
"3480",232,97
"3481",233,2
"3482",233,31
"3483",233,53
"3484",233,66
"3485",233,71
"3486",233,72
"3487",233,75
"3488",233,77
"3489",233,80
"3490",233,85
"3491",233,88
"3492",233,90
"3493",233,93
"3494",233,94
"3495",233,97
"3496",234,2
"3497",234,31
"3498",234,54
"3499",234,63
"3500",234,68
"3501",234,74
"3502",234,75
"3503",234,77
"3504",234,80
"3505",234,86
"3506",234,88
"3507",234,91
"3508",234,92
"3509",234,95
"3510",234,96
"3511",235,2
"3512",235,31
"3513",235,52
"3514",235,65
"3515",235,67
"3516",235,74
"3517",235,76
"3518",235,77
"3519",235,80
"3520",235,86
"3521",235,89
"3522",235,90
"3523",235,92
"3524",235,94
"3525",235,96
"3526",236,3
"3527",236,31
"3528",236,54
"3529",236,55
"3530",236,68
"3531",236,74
"3532",236,75
"3533",236,77
"3534",236,80
"3535",236,81
"3536",236,89
"3537",236,90
"3538",236,92
"3539",236,95
"3540",236,98
"3541",237,2
"3542",237,32
"3543",237,53
"3544",237,55
"3545",237,70
"3546",237,74
"3547",237,76
"3548",237,77
"3549",237,79
"3550",237,81
"3551",237,89
"3552",237,90
"3553",237,92
"3554",237,94
"3555",237,97
"3556",238,1
"3557",238,32
"3558",238,52
"3559",238,65
"3560",238,69
"3561",238,74
"3562",238,76
"3563",238,77
"3564",238,79
"3565",238,86
"3566",238,89
"3567",238,90
"3568",238,92
"3569",238,95
"3570",238,98
"3571",239,3
"3572",239,32
"3573",239,52
"3574",239,66
"3575",239,68
"3576",239,74
"3577",239,76
"3578",239,77
"3579",239,80
"3580",239,81
"3581",239,89
"3582",239,90
"3583",239,92
"3584",239,95
"3585",239,97
"3586",240,3
"3587",240,32
"3588",240,53
"3589",240,65
"3590",240,67
"3591",240,72
"3592",240,75
"3593",240,77
"3594",240,80
"3595",240,85
"3596",240,88
"3597",240,90
"3598",240,92
"3599",240,95
"3600",240,96
"3601",241,2
"3602",241,32
"3603",241,53
"3604",241,59
"3605",241,69
"3606",241,72
"3607",241,75
"3608",241,77
"3609",241,79
"3610",241,81
"3611",241,89
"3612",241,91
"3613",241,93
"3614",241,95
"3615",241,97
"3616",242,2
"3617",242,32
"3618",242,53
"3619",242,59
"3620",242,68
"3621",242,72
"3622",242,75
"3623",242,77
"3624",242,80
"3625",242,87
"3626",242,89
"3627",242,91
"3628",242,92
"3629",242,95
"3630",242,97
"3631",243,1
"3632",243,32
"3633",243,52
"3634",243,60
"3635",243,70
"3636",243,72
"3637",243,75
"3638",243,78
"3639",243,79
"3640",243,84
"3641",243,88
"3642",243,90
"3643",243,92
"3644",243,95
"3645",243,96
"3646",244,3
"3647",244,32
"3648",244,52
"3649",244,60
"3650",244,68
"3651",244,74
"3652",244,76
"3653",244,78
"3654",244,79
"3655",244,84
"3656",244,88
"3657",244,90
"3658",244,92
"3659",244,95
"3660",244,96
"3661",245,3
"3662",245,32
"3663",245,53
"3664",245,55
"3665",245,70
"3666",245,74
"3667",245,76
"3668",245,77
"3669",245,79
"3670",245,83
"3671",245,89
"3672",245,90
"3673",245,92
"3674",245,94
"3675",245,96
"3676",246,3
"3677",246,32
"3678",246,53
"3679",246,65
"3680",246,69
"3681",246,74
"3682",246,76
"3683",246,77
"3684",246,79
"3685",246,84
"3686",246,88
"3687",246,90
"3688",246,93
"3689",246,94
"3690",246,97
"3691",247,3
"3692",247,33
"3693",247,53
"3694",247,65
"3695",247,69
"3696",247,74
"3697",247,76
"3698",247,77
"3699",247,80
"3700",247,85
"3701",247,89
"3702",247,91
"3703",247,93
"3704",247,95
"3705",247,96
"3706",248,3
"3707",248,33
"3708",248,52
"3709",248,56
"3710",248,69
"3711",248,74
"3712",248,76
"3713",248,77
"3714",248,79
"3715",248,84
"3716",248,88
"3717",248,90
"3718",248,92
"3719",248,95
"3720",248,98
"3721",249,1
"3722",249,33
"3723",249,53
"3724",249,64
"3725",249,67
"3726",249,72
"3727",249,75
"3728",249,77
"3729",249,80
"3730",249,81
"3731",249,88
"3732",249,90
"3733",249,92
"3734",249,94
"3735",249,96
"3736",250,2
"3737",250,34
"3738",250,52
"3739",250,57
"3740",250,70
"3741",250,72
"3742",250,75
"3743",250,78
"3744",250,80
"3745",250,82
"3746",250,89
"3747",250,90
"3748",250,92
"3749",250,94
"3750",250,96
"3751",251,3
"3752",251,34
"3753",251,52
"3754",251,64
"3755",251,70
"3756",251,72
"3757",251,76
"3758",251,77
"3759",251,80
"3760",251,87
"3761",251,88
"3762",251,90
"3763",251,92
"3764",251,94
"3765",251,96
"3766",252,2
"3767",252,34
"3768",252,53
"3769",252,57
"3770",252,70
"3771",252,74
"3772",252,76
"3773",252,77
"3774",252,80
"3775",252,86
"3776",252,89
"3777",252,90
"3778",252,92
"3779",252,95
"3780",252,96
"3781",253,3
"3782",253,34
"3783",253,52
"3784",253,62
"3785",253,67
"3786",253,74
"3787",253,75
"3788",253,78
"3789",253,80
"3790",253,83
"3791",253,89
"3792",253,90
"3793",253,92
"3794",253,95
"3795",253,98
"3796",254,3
"3797",254,34
"3798",254,53
"3799",254,64
"3800",254,69
"3801",254,74
"3802",254,76
"3803",254,77
"3804",254,80
"3805",254,81
"3806",254,89
"3807",254,90
"3808",254,92
"3809",254,95
"3810",254,96
"3811",255,3
"3812",255,34
"3813",255,53
"3814",255,65
"3815",255,70
"3816",255,74
"3817",255,76
"3818",255,77
"3819",255,79
"3820",255,81
"3821",255,89
"3822",255,90
"3823",255,92
"3824",255,94
"3825",255,96
"3826",256,3
"3827",256,35
"3828",256,54
"3829",256,65
"3830",256,68
"3831",256,72
"3832",256,76
"3833",256,77
"3834",256,79
"3835",256,81
"3836",256,88
"3837",256,90
"3838",256,92
"3839",256,95
"3840",256,96
"3841",257,3
"3842",257,35
"3843",257,53
"3844",257,64
"3845",257,71
"3846",257,74
"3847",257,75
"3848",257,77
"3849",257,80
"3850",257,85
"3851",257,89
"3852",257,90
"3853",257,92
"3854",257,94
"3855",257,96
"3856",258,2
"3857",258,35
"3858",258,53
"3859",258,57
"3860",258,67
"3861",258,74
"3862",258,76
"3863",258,77
"3864",258,80
"3865",258,83
"3866",258,89
"3867",258,90
"3868",258,92
"3869",258,95
"3870",258,96
"3871",259,3
"3872",259,35
"3873",259,52
"3874",259,64
"3875",259,70
"3876",259,74
"3877",259,76
"3878",259,77
"3879",259,80
"3880",259,83
"3881",259,89
"3882",259,90
"3883",259,92
"3884",259,94
"3885",259,96
"3886",260,2
"3887",260,35
"3888",260,53
"3889",260,66
"3890",260,69
"3891",260,74
"3892",260,76
"3893",260,77
"3894",260,79
"3895",260,82
"3896",260,88
"3897",260,90
"3898",260,92
"3899",260,95
"3900",260,96
"3901",261,3
"3902",261,35
"3903",261,52
"3904",261,55
"3905",261,70
"3906",261,74
"3907",261,76
"3908",261,78
"3909",261,80
"3910",261,81
"3911",261,89
"3912",261,90
"3913",261,92
"3914",261,94
"3915",261,96
"3916",262,3
"3917",262,35
"3918",262,53
"3919",262,59
"3920",262,70
"3921",262,74
"3922",262,76
"3923",262,77
"3924",262,79
"3925",262,86
"3926",262,88
"3927",262,90
"3928",262,92
"3929",262,95
"3930",262,98
"3931",263,2
"3932",263,35
"3933",263,52
"3934",263,59
"3935",263,71
"3936",263,74
"3937",263,76
"3938",263,78
"3939",263,80
"3940",263,81
"3941",263,88
"3942",263,90
"3943",263,92
"3944",263,94
"3945",263,98
"3946",264,2
"3947",264,35
"3948",264,52
"3949",264,57
"3950",264,68
"3951",264,72
"3952",264,75
"3953",264,77
"3954",264,80
"3955",264,82
"3956",264,89
"3957",264,90
"3958",264,92
"3959",264,95
"3960",264,98
"3961",265,2
"3962",265,36
"3963",265,52
"3964",265,57
"3965",265,71
"3966",265,72
"3967",265,75
"3968",265,78
"3969",265,80
"3970",265,87
"3971",265,89
"3972",265,90
"3973",265,92
"3974",265,94
"3975",265,97
"3976",266,3
"3977",266,36
"3978",266,52
"3979",266,64
"3980",266,68
"3981",266,74
"3982",266,75
"3983",266,78
"3984",266,79
"3985",266,84
"3986",266,89
"3987",266,90
"3988",266,92
"3989",266,94
"3990",266,96
"3991",267,3
"3992",267,36
"3993",267,54
"3994",267,61
"3995",267,68
"3996",267,74
"3997",267,76
"3998",267,77
"3999",267,79
"4000",267,83
"4001",267,89
"4002",267,90
"4003",267,92
"4004",267,95
"4005",267,96
"4006",268,3
"4007",268,36
"4008",268,53
"4009",268,57
"4010",268,70
"4011",268,74
"4012",268,76
"4013",268,77
"4014",268,80
"4015",268,82
"4016",268,89
"4017",268,90
"4018",268,93
"4019",268,95
"4020",268,96
"4021",269,3
"4022",269,36
"4023",269,52
"4024",269,59
"4025",269,70
"4026",269,74
"4027",269,76
"4028",269,78
"4029",269,80
"4030",269,84
"4031",269,89
"4032",269,90
"4033",269,92
"4034",269,95
"4035",269,98
"4036",270,3
"4037",270,36
"4038",270,53
"4039",270,58
"4040",270,68
"4041",270,74
"4042",270,76
"4043",270,77
"4044",270,80
"4045",270,82
"4046",270,89
"4047",270,90
"4048",270,92
"4049",270,95
"4050",270,96
"4051",271,3
"4052",271,36
"4053",271,53
"4054",271,57
"4055",271,70
"4056",271,74
"4057",271,76
"4058",271,77
"4059",271,79
"4060",271,85
"4061",271,88
"4062",271,90
"4063",271,92
"4064",271,95
"4065",271,96
"4066",272,3
"4067",272,37
"4068",272,52
"4069",272,55
"4070",272,70
"4071",272,72
"4072",272,75
"4073",272,78
"4074",272,79
"4075",272,87
"4076",272,88
"4077",272,91
"4078",272,92
"4079",272,94
"4080",272,98
"4081",273,2
"4082",273,37
"4083",273,53
"4084",273,55
"4085",273,67
"4086",273,74
"4087",273,76
"4088",273,77
"4089",273,79
"4090",273,83
"4091",273,89
"4092",273,90
"4093",273,92
"4094",273,95
"4095",273,98
"4096",274,3
"4097",274,37
"4098",274,53
"4099",274,65
"4100",274,67
"4101",274,74
"4102",274,76
"4103",274,77
"4104",274,80
"4105",274,87
"4106",274,88
"4107",274,90
"4108",274,92
"4109",274,95
"4110",274,97
"4111",275,3
"4112",275,37
"4113",275,52
"4114",275,61
"4115",275,71
"4116",275,72
"4117",275,75
"4118",275,78
"4119",275,80
"4120",275,86
"4121",275,88
"4122",275,90
"4123",275,92
"4124",275,94
"4125",275,97
"4126",276,2
"4127",276,38
"4128",276,53
"4129",276,55
"4130",276,67
"4131",276,72
"4132",276,75
"4133",276,77
"4134",276,80
"4135",276,84
"4136",276,88
"4137",276,90
"4138",276,92
"4139",276,95
"4140",276,96
"4141",277,3
"4142",277,38
"4143",277,54
"4144",277,63
"4145",277,67
"4146",277,73
"4147",277,76
"4148",277,77
"4149",277,80
"4150",277,87
"4151",277,89
"4152",277,90
"4153",277,92
"4154",277,95
"4155",277,96
"4156",278,3
"4157",278,38
"4158",278,53
"4159",278,56
"4160",278,68
"4161",278,74
"4162",278,76
"4163",278,77
"4164",278,80
"4165",278,86
"4166",278,89
"4167",278,90
"4168",278,92
"4169",278,95
"4170",278,96
"4171",279,2
"4172",279,38
"4173",279,54
"4174",279,57
"4175",279,69
"4176",279,72
"4177",279,76
"4178",279,78
"4179",279,80
"4180",279,87
"4181",279,89
"4182",279,90
"4183",279,92
"4184",279,95
"4185",279,98
"4186",280,3
"4187",280,38
"4188",280,54
"4189",280,65
"4190",280,68
"4191",280,72
"4192",280,75
"4193",280,77
"4194",280,80
"4195",280,81
"4196",280,88
"4197",280,90
"4198",280,92
"4199",280,95
"4200",280,96
"4201",281,3
"4202",281,38
"4203",281,53
"4204",281,56
"4205",281,67
"4206",281,72
"4207",281,76
"4208",281,77
"4209",281,80
"4210",281,82
"4211",281,88
"4212",281,90
"4213",281,92
"4214",281,95
"4215",281,96
"4216",282,3
"4217",282,38
"4218",282,53
"4219",282,55
"4220",282,67
"4221",282,74
"4222",282,76
"4223",282,77
"4224",282,79
"4225",282,82
"4226",282,89
"4227",282,90
"4228",282,92
"4229",282,95
"4230",282,96
"4231",283,2
"4232",283,38
"4233",283,52
"4234",283,62
"4235",283,70
"4236",283,74
"4237",283,76
"4238",283,78
"4239",283,79
"4240",283,82
"4241",283,89
"4242",283,90
"4243",283,92
"4244",283,94
"4245",283,98
"4246",284,3
"4247",284,38
"4248",284,53
"4249",284,63
"4250",284,71
"4251",284,72
"4252",284,76
"4253",284,77
"4254",284,80
"4255",284,83
"4256",284,88
"4257",284,90
"4258",284,93
"4259",284,94
"4260",284,96
"4261",285,3
"4262",285,38
"4263",285,52
"4264",285,62
"4265",285,68
"4266",285,74
"4267",285,76
"4268",285,77
"4269",285,79
"4270",285,82
"4271",285,89
"4272",285,90
"4273",285,92
"4274",285,95
"4275",285,96
"4276",286,2
"4277",286,38
"4278",286,52
"4279",286,64
"4280",286,67
"4281",286,72
"4282",286,75
"4283",286,78
"4284",286,80
"4285",286,83
"4286",286,88
"4287",286,90
"4288",286,92
"4289",286,94
"4290",286,97
"4291",287,3
"4292",287,39
"4293",287,52
"4294",287,65
"4295",287,69
"4296",287,72
"4297",287,75
"4298",287,78
"4299",287,80
"4300",287,87
"4301",287,89
"4302",287,90
"4303",287,92
"4304",287,95
"4305",287,96
"4306",288,2
"4307",288,39
"4308",288,53
"4309",288,58
"4310",288,67
"4311",288,74
"4312",288,76
"4313",288,77
"4314",288,80
"4315",288,86
"4316",288,89
"4317",288,90
"4318",288,92
"4319",288,94
"4320",288,96
"4321",289,2
"4322",289,39
"4323",289,52
"4324",289,66
"4325",289,69
"4326",289,72
"4327",289,75
"4328",289,78
"4329",289,80
"4330",289,82
"4331",289,88
"4332",289,90
"4333",289,92
"4334",289,95
"4335",289,96
"4336",290,2
"4337",290,39
"4338",290,53
"4339",290,58
"4340",290,68
"4341",290,73
"4342",290,75
"4343",290,77
"4344",290,80
"4345",290,83
"4346",290,89
"4347",290,90
"4348",290,92
"4349",290,95
"4350",290,96
"4351",291,3
"4352",291,40
"4353",291,52
"4354",291,66
"4355",291,70
"4356",291,72
"4357",291,76
"4358",291,78
"4359",291,80
"4360",291,83
"4361",291,88
"4362",291,90
"4363",291,92
"4364",291,94
"4365",291,96
"4366",292,1
"4367",292,40
"4368",292,53
"4369",292,66
"4370",292,68
"4371",292,74
"4372",292,75
"4373",292,77
"4374",292,80
"4375",292,86
"4376",292,89
"4377",292,90
"4378",292,92
"4379",292,95
"4380",292,98
"4381",293,2
"4382",293,40
"4383",293,52
"4384",293,66
"4385",293,69
"4386",293,72
"4387",293,75
"4388",293,77
"4389",293,80
"4390",293,85
"4391",293,89
"4392",293,90
"4393",293,92
"4394",293,95
"4395",293,96
"4396",294,2
"4397",294,41
"4398",294,52
"4399",294,61
"4400",294,71
"4401",294,72
"4402",294,75
"4403",294,78
"4404",294,80
"4405",294,87
"4406",294,89
"4407",294,90
"4408",294,92
"4409",294,94
"4410",294,97
"4411",295,3
"4412",295,41
"4413",295,52
"4414",295,64
"4415",295,70
"4416",295,72
"4417",295,76
"4418",295,78
"4419",295,80
"4420",295,86
"4421",295,88
"4422",295,90
"4423",295,92
"4424",295,94
"4425",295,96
"4426",296,3
"4427",296,41
"4428",296,53
"4429",296,56
"4430",296,68
"4431",296,74
"4432",296,76
"4433",296,77
"4434",296,79
"4435",296,81
"4436",296,89
"4437",296,90
"4438",296,92
"4439",296,95
"4440",296,98
"4441",297,2
"4442",297,42
"4443",297,52
"4444",297,66
"4445",297,70
"4446",297,72
"4447",297,75
"4448",297,78
"4449",297,80
"4450",297,85
"4451",297,89
"4452",297,90
"4453",297,92
"4454",297,94
"4455",297,96
"4456",298,2
"4457",298,42
"4458",298,54
"4459",298,64
"4460",298,71
"4461",298,72
"4462",298,75
"4463",298,77
"4464",298,80
"4465",298,84
"4466",298,88
"4467",298,90
"4468",298,92
"4469",298,94
"4470",298,98
"4471",299,3
"4472",299,42
"4473",299,54
"4474",299,55
"4475",299,71
"4476",299,74
"4477",299,76
"4478",299,78
"4479",299,79
"4480",299,83
"4481",299,89
"4482",299,90
"4483",299,92
"4484",299,94
"4485",299,97
"4486",300,3
"4487",300,42
"4488",300,53
"4489",300,64
"4490",300,68
"4491",300,74
"4492",300,76
"4493",300,78
"4494",300,80
"4495",300,81
"4496",300,89
"4497",300,90
"4498",300,92
"4499",300,95
"4500",300,98
"4501",301,3
"4502",301,42
"4503",301,54
"4504",301,64
"4505",301,68
"4506",301,74
"4507",301,75
"4508",301,77
"4509",301,80
"4510",301,82
"4511",301,89
"4512",301,90
"4513",301,92
"4514",301,95
"4515",301,98
"4516",302,2
"4517",302,42
"4518",302,52
"4519",302,55
"4520",302,71
"4521",302,72
"4522",302,75
"4523",302,78
"4524",302,80
"4525",302,87
"4526",302,88
"4527",302,90
"4528",302,92
"4529",302,94
"4530",302,96
"4531",303,2
"4532",303,42
"4533",303,53
"4534",303,65
"4535",303,71
"4536",303,72
"4537",303,75
"4538",303,77
"4539",303,80
"4540",303,87
"4541",303,88
"4542",303,91
"4543",303,93
"4544",303,94
"4545",303,96
"4546",304,2
"4547",304,42
"4548",304,52
"4549",304,62
"4550",304,67
"4551",304,72
"4552",304,75
"4553",304,78
"4554",304,80
"4555",304,85
"4556",304,89
"4557",304,91
"4558",304,92
"4559",304,94
"4560",304,98
"4561",305,3
"4562",305,42
"4563",305,54
"4564",305,59
"4565",305,67
"4566",305,74
"4567",305,75
"4568",305,77
"4569",305,79
"4570",305,82
"4571",305,89
"4572",305,90
"4573",305,92
"4574",305,95
"4575",305,96
"4576",306,2
"4577",306,42
"4578",306,52
"4579",306,57
"4580",306,71
"4581",306,72
"4582",306,75
"4583",306,78
"4584",306,80
"4585",306,83
"4586",306,88
"4587",306,90
"4588",306,92
"4589",306,94
"4590",306,97
"4591",307,2
"4592",307,42
"4593",307,53
"4594",307,58
"4595",307,71
"4596",307,74
"4597",307,76
"4598",307,77
"4599",307,79
"4600",307,87
"4601",307,89
"4602",307,90
"4603",307,92
"4604",307,94
"4605",307,96
"4606",308,2
"4607",308,42
"4608",308,53
"4609",308,63
"4610",308,71
"4611",308,74
"4612",308,76
"4613",308,77
"4614",308,80
"4615",308,81
"4616",308,89
"4617",308,90
"4618",308,92
"4619",308,94
"4620",308,96
"4621",309,3
"4622",309,43
"4623",309,54
"4624",309,58
"4625",309,68
"4626",309,74
"4627",309,76
"4628",309,77
"4629",309,79
"4630",309,82
"4631",309,89
"4632",309,90
"4633",309,92
"4634",309,95
"4635",309,96
"4636",310,3
"4637",310,43
"4638",310,53
"4639",310,63
"4640",310,68
"4641",310,74
"4642",310,76
"4643",310,77
"4644",310,79
"4645",310,84
"4646",310,88
"4647",310,90
"4648",310,92
"4649",310,95
"4650",310,96
"4651",311,3
"4652",311,44
"4653",311,54
"4654",311,55
"4655",311,68
"4656",311,73
"4657",311,75
"4658",311,78
"4659",311,79
"4660",311,84
"4661",311,89
"4662",311,90
"4663",311,92
"4664",311,95
"4665",311,98
"4666",312,3
"4667",312,44
"4668",312,54
"4669",312,55
"4670",312,69
"4671",312,73
"4672",312,75
"4673",312,77
"4674",312,80
"4675",312,86
"4676",312,88
"4677",312,90
"4678",312,92
"4679",312,95
"4680",312,98
"4681",313,1
"4682",313,44
"4683",313,54
"4684",313,58
"4685",313,67
"4686",313,73
"4687",313,75
"4688",313,77
"4689",313,80
"4690",313,83
"4691",313,89
"4692",313,90
"4693",313,92
"4694",313,95
"4695",313,98
"4696",314,3
"4697",314,44
"4698",314,54
"4699",314,60
"4700",314,68
"4701",314,73
"4702",314,75
"4703",314,77
"4704",314,80
"4705",314,87
"4706",314,89
"4707",314,90
"4708",314,92
"4709",314,95
"4710",314,98
"4711",315,3
"4712",315,44
"4713",315,54
"4714",315,57
"4715",315,70
"4716",315,72
"4717",315,75
"4718",315,78
"4719",315,80
"4720",315,86
"4721",315,88
"4722",315,91
"4723",315,92
"4724",315,94
"4725",315,98
"4726",316,2
"4727",316,44
"4728",316,54
"4729",316,64
"4730",316,71
"4731",316,72
"4732",316,75
"4733",316,77
"4734",316,80
"4735",316,84
"4736",316,89
"4737",316,91
"4738",316,92
"4739",316,94
"4740",316,98
"4741",317,1
"4742",317,44
"4743",317,54
"4744",317,60
"4745",317,70
"4746",317,74
"4747",317,75
"4748",317,77
"4749",317,80
"4750",317,81
"4751",317,89
"4752",317,90
"4753",317,92
"4754",317,95
"4755",317,98
"4756",318,3
"4757",318,44
"4758",318,54
"4759",318,64
"4760",318,69
"4761",318,74
"4762",318,75
"4763",318,77
"4764",318,80
"4765",318,84
"4766",318,88
"4767",318,90
"4768",318,92
"4769",318,95
"4770",318,98
"4771",319,3
"4772",319,45
"4773",319,52
"4774",319,55
"4775",319,69
"4776",319,72
"4777",319,75
"4778",319,78
"4779",319,80
"4780",319,85
"4781",319,89
"4782",319,91
"4783",319,93
"4784",319,95
"4785",319,98
"4786",320,2
"4787",320,46
"4788",320,52
"4789",320,60
"4790",320,71
"4791",320,72
"4792",320,75
"4793",320,77
"4794",320,80
"4795",320,86
"4796",320,89
"4797",320,91
"4798",320,92
"4799",320,94
"4800",320,97
"4801",321,1
"4802",321,46
"4803",321,53
"4804",321,56
"4805",321,70
"4806",321,74
"4807",321,76
"4808",321,77
"4809",321,79
"4810",321,86
"4811",321,89
"4812",321,90
"4813",321,92
"4814",321,94
"4815",321,98
"4816",322,3
"4817",322,46
"4818",322,53
"4819",322,61
"4820",322,68
"4821",322,72
"4822",322,75
"4823",322,77
"4824",322,80
"4825",322,83
"4826",322,89
"4827",322,91
"4828",322,92
"4829",322,95
"4830",322,97
"4831",323,2
"4832",323,46
"4833",323,52
"4834",323,66
"4835",323,68
"4836",323,72
"4837",323,75
"4838",323,78
"4839",323,80
"4840",323,82
"4841",323,89
"4842",323,91
"4843",323,92
"4844",323,95
"4845",323,97
"4846",324,2
"4847",324,46
"4848",324,53
"4849",324,57
"4850",324,67
"4851",324,74
"4852",324,75
"4853",324,77
"4854",324,79
"4855",324,83
"4856",324,88
"4857",324,90
"4858",324,93
"4859",324,95
"4860",324,98
"4861",325,3
"4862",325,46
"4863",325,53
"4864",325,64
"4865",325,67
"4866",325,74
"4867",325,76
"4868",325,77
"4869",325,80
"4870",325,86
"4871",325,88
"4872",325,90
"4873",325,92
"4874",325,95
"4875",325,96
"4876",326,3
"4877",326,46
"4878",326,52
"4879",326,63
"4880",326,71
"4881",326,74
"4882",326,76
"4883",326,78
"4884",326,79
"4885",326,84
"4886",326,89
"4887",326,90
"4888",326,92
"4889",326,94
"4890",326,98
"4891",327,3
"4892",327,46
"4893",327,52
"4894",327,63
"4895",327,70
"4896",327,74
"4897",327,76
"4898",327,78
"4899",327,79
"4900",327,86
"4901",327,88
"4902",327,90
"4903",327,93
"4904",327,95
"4905",327,98
"4906",328,3
"4907",328,46
"4908",328,52
"4909",328,57
"4910",328,68
"4911",328,74
"4912",328,76
"4913",328,77
"4914",328,80
"4915",328,84
"4916",328,89
"4917",328,90
"4918",328,92
"4919",328,95
"4920",328,98
"4921",329,1
"4922",329,47
"4923",329,53
"4924",329,61
"4925",329,71
"4926",329,74
"4927",329,76
"4928",329,77
"4929",329,80
"4930",329,86
"4931",329,88
"4932",329,90
"4933",329,92
"4934",329,94
"4935",329,96
"4936",330,3
"4937",330,47
"4938",330,53
"4939",330,62
"4940",330,70
"4941",330,74
"4942",330,76
"4943",330,77
"4944",330,80
"4945",330,84
"4946",330,89
"4947",330,90
"4948",330,92
"4949",330,95
"4950",330,98
"4951",331,2
"4952",331,47
"4953",331,52
"4954",331,66
"4955",331,70
"4956",331,72
"4957",331,75
"4958",331,78
"4959",331,80
"4960",331,87
"4961",331,89
"4962",331,90
"4963",331,92
"4964",331,94
"4965",331,96
"4966",332,2
"4967",332,47
"4968",332,52
"4969",332,63
"4970",332,69
"4971",332,72
"4972",332,75
"4973",332,77
"4974",332,80
"4975",332,82
"4976",332,89
"4977",332,91
"4978",332,92
"4979",332,95
"4980",332,97
"4981",333,3
"4982",333,47
"4983",333,54
"4984",333,61
"4985",333,68
"4986",333,74
"4987",333,76
"4988",333,77
"4989",333,79
"4990",333,86
"4991",333,89
"4992",333,90
"4993",333,92
"4994",333,95
"4995",333,97
"4996",334,2
"4997",334,47
"4998",334,52
"4999",334,65
"5000",334,70
"5001",334,72
"5002",334,75
"5003",334,78
"5004",334,79
"5005",334,87
"5006",334,88
"5007",334,90
"5008",334,92
"5009",334,94
"5010",334,98
"5011",335,1
"5012",335,47
"5013",335,54
"5014",335,62
"5015",335,71
"5016",335,72
"5017",335,75
"5018",335,77
"5019",335,80
"5020",335,87
"5021",335,89
"5022",335,90
"5023",335,92
"5024",335,94
"5025",335,97
"5026",336,1
"5027",336,47
"5028",336,54
"5029",336,55
"5030",336,71
"5031",336,72
"5032",336,75
"5033",336,78
"5034",336,80
"5035",336,84
"5036",336,89
"5037",336,90
"5038",336,92
"5039",336,94
"5040",336,97
"5041",337,3
"5042",337,47
"5043",337,53
"5044",337,56
"5045",337,68
"5046",337,74
"5047",337,76
"5048",337,77
"5049",337,79
"5050",337,87
"5051",337,89
"5052",337,90
"5053",337,92
"5054",337,95
"5055",337,96
"5056",338,2
"5057",338,47
"5058",338,52
"5059",338,55
"5060",338,71
"5061",338,74
"5062",338,76
"5063",338,77
"5064",338,80
"5065",338,83
"5066",338,89
"5067",338,90
"5068",338,92
"5069",338,94
"5070",338,96
"5071",339,1
"5072",339,47
"5073",339,52
"5074",339,59
"5075",339,71
"5076",339,72
"5077",339,75
"5078",339,78
"5079",339,80
"5080",339,87
"5081",339,89
"5082",339,90
"5083",339,92
"5084",339,94
"5085",339,97
"5086",340,3
"5087",340,47
"5088",340,53
"5089",340,57
"5090",340,70
"5091",340,74
"5092",340,76
"5093",340,77
"5094",340,80
"5095",340,85
"5096",340,89
"5097",340,90
"5098",340,93
"5099",340,95
"5100",340,98
"5101",341,2
"5102",341,47
"5103",341,52
"5104",341,60
"5105",341,69
"5106",341,74
"5107",341,75
"5108",341,77
"5109",341,80
"5110",341,83
"5111",341,89
"5112",341,90
"5113",341,92
"5114",341,95
"5115",341,96
"5116",342,1
"5117",342,47
"5118",342,54
"5119",342,60
"5120",342,71
"5121",342,74
"5122",342,75
"5123",342,77
"5124",342,79
"5125",342,86
"5126",342,89
"5127",342,90
"5128",342,92
"5129",342,94
"5130",342,97
"5131",343,2
"5132",343,47
"5133",343,52
"5134",343,64
"5135",343,68
"5136",343,72
"5137",343,75
"5138",343,78
"5139",343,80
"5140",343,83
"5141",343,89
"5142",343,91
"5143",343,92
"5144",343,95
"5145",343,97
"5146",344,2
"5147",344,48
"5148",344,52
"5149",344,56
"5150",344,71
"5151",344,72
"5152",344,75
"5153",344,78
"5154",344,80
"5155",344,82
"5156",344,89
"5157",344,90
"5158",344,92
"5159",344,94
"5160",344,96
"5161",345,3
"5162",345,48
"5163",345,52
"5164",345,57
"5165",345,68
"5166",345,74
"5167",345,76
"5168",345,78
"5169",345,80
"5170",345,85
"5171",345,89
"5172",345,90
"5173",345,92
"5174",345,95
"5175",345,98
"5176",346,3
"5177",346,48
"5178",346,52
"5179",346,55
"5180",346,69
"5181",346,74
"5182",346,76
"5183",346,78
"5184",346,79
"5185",346,86
"5186",346,89
"5187",346,90
"5188",346,92
"5189",346,95
"5190",346,96
"5191",347,2
"5192",347,49
"5193",347,54
"5194",347,63
"5195",347,67
"5196",347,74
"5197",347,75
"5198",347,77
"5199",347,80
"5200",347,85
"5201",347,88
"5202",347,90
"5203",347,92
"5204",347,95
"5205",347,98
"5206",348,3
"5207",348,49
"5208",348,54
"5209",348,65
"5210",348,68
"5211",348,74
"5212",348,75
"5213",348,78
"5214",348,80
"5215",348,86
"5216",348,88
"5217",348,91
"5218",348,92
"5219",348,95
"5220",348,97
"5221",349,2
"5222",349,49
"5223",349,54
"5224",349,63
"5225",349,71
"5226",349,72
"5227",349,75
"5228",349,78
"5229",349,80
"5230",349,85
"5231",349,88
"5232",349,91
"5233",349,92
"5234",349,94
"5235",349,97
"5236",350,2
"5237",350,49
"5238",350,54
"5239",350,57
"5240",350,71
"5241",350,72
"5242",350,76
"5243",350,78
"5244",350,80
"5245",350,83
"5246",350,88
"5247",350,90
"5248",350,92
"5249",350,94
"5250",350,98
"5251",351,3
"5252",351,49
"5253",351,54
"5254",351,64
"5255",351,70
"5256",351,72
"5257",351,75
"5258",351,78
"5259",351,80
"5260",351,83
"5261",351,88
"5262",351,90
"5263",351,92
"5264",351,94
"5265",351,98
"5266",352,2
"5267",352,49
"5268",352,54
"5269",352,56
"5270",352,67
"5271",352,74
"5272",352,75
"5273",352,77
"5274",352,80
"5275",352,82
"5276",352,89
"5277",352,90
"5278",352,92
"5279",352,95
"5280",352,98
"5281",353,3
"5282",353,49
"5283",353,54
"5284",353,66
"5285",353,70
"5286",353,74
"5287",353,75
"5288",353,77
"5289",353,79
"5290",353,85
"5291",353,89
"5292",353,90
"5293",353,92
"5294",353,95
"5295",353,98
"5296",354,1
"5297",354,50
"5298",354,53
"5299",354,61
"5300",354,70
"5301",354,74
"5302",354,75
"5303",354,77
"5304",354,79
"5305",354,84
"5306",354,89
"5307",354,90
"5308",354,92
"5309",354,94
"5310",354,98
"5311",355,3
"5312",355,50
"5313",355,52
"5314",355,58
"5315",355,70
"5316",355,72
"5317",355,75
"5318",355,78
"5319",355,79
"5320",355,86
"5321",355,88
"5322",355,90
"5323",355,92
"5324",355,95
"5325",355,96
"5326",356,2
"5327",356,50
"5328",356,52
"5329",356,63
"5330",356,71
"5331",356,72
"5332",356,75
"5333",356,77
"5334",356,80
"5335",356,84
"5336",356,89
"5337",356,91
"5338",356,92
"5339",356,94
"5340",356,97
"5341",357,2
"5342",357,51
"5343",357,52
"5344",357,57
"5345",357,71
"5346",357,72
"5347",357,75
"5348",357,77
"5349",357,80
"5350",357,83
"5351",357,89
"5352",357,91
"5353",357,93
"5354",357,94
"5355",357,97
"5356",358,2
"5357",358,51
"5358",358,52
"5359",358,57
"5360",358,71
"5361",358,72
"5362",358,75
"5363",358,78
"5364",358,80
"5365",358,83
"5366",358,89
"5367",358,91
"5368",358,92
"5369",358,94
"5370",358,97
"5371",359,3
"5372",359,51
"5373",359,52
"5374",359,59
"5375",359,68
"5376",359,74
"5377",359,76
"5378",359,77
"5379",359,79
"5380",359,84
"5381",359,89
"5382",359,90
"5383",359,92
"5384",359,95
"5385",359,97
"5386",360,3
"5387",360,51
"5388",360,54
"5389",360,61
"5390",360,67
"5391",360,74
"5392",360,76
"5393",360,77
"5394",360,79
"5395",360,83
"5396",360,89
"5397",360,90
"5398",360,92
"5399",360,95
"5400",360,98
"5401",361,3
"5402",361,51
"5403",361,53
"5404",361,64
"5405",361,70
"5406",361,74
"5407",361,75
"5408",361,77
"5409",361,80
"5410",361,85
"5411",361,89
"5412",361,90
"5413",361,92
"5414",361,94
"5415",361,98
"5416",362,3
"5417",362,6
"5418",362,54
"5419",362,58
"5420",362,70
"5421",362,74
"5422",362,76
"5423",362,77
"5424",362,79
"5425",362,81
"5426",362,88
"5427",362,90
"5428",362,92
"5429",362,95
"5430",362,98
"5431",363,3
"5432",363,6
"5433",363,52
"5434",363,57
"5435",363,70
"5436",363,74
"5437",363,76
"5438",363,77
"5439",363,80
"5440",363,85
"5441",363,89
"5442",363,90
"5443",363,92
"5444",363,94
"5445",363,96
"5446",364,3
"5447",364,13
"5448",364,54
"5449",364,63
"5450",364,70
"5451",364,74
"5452",364,76
"5453",364,77
"5454",364,80
"5455",364,84
"5456",364,88
"5457",364,90
"5458",364,92
"5459",364,95
"5460",364,98
"5461",365,3
"5462",365,13
"5463",365,53
"5464",365,66
"5465",365,67
"5466",365,74
"5467",365,76
"5468",365,77
"5469",365,80
"5470",365,84
"5471",365,88
"5472",365,90
"5473",365,92
"5474",365,94
"5475",365,98
"5476",366,2
"5477",366,15
"5478",366,53
"5479",366,66
"5480",366,70
"5481",366,74
"5482",366,76
"5483",366,77
"5484",366,80
"5485",366,86
"5486",366,89
"5487",366,90
"5488",366,92
"5489",366,94
"5490",366,98
"5491",367,3
"5492",367,16
"5493",367,53
"5494",367,63
"5495",367,71
"5496",367,74
"5497",367,76
"5498",367,77
"5499",367,80
"5500",367,81
"5501",367,89
"5502",367,91
"5503",367,92
"5504",367,94
"5505",367,96
"5506",368,3
"5507",368,17
"5508",368,52
"5509",368,56
"5510",368,71
"5511",368,74
"5512",368,76
"5513",368,77
"5514",368,80
"5515",368,87
"5516",368,89
"5517",368,90
"5518",368,92
"5519",368,94
"5520",368,98
"5521",369,2
"5522",369,18
"5523",369,53
"5524",369,65
"5525",369,70
"5526",369,74
"5527",369,76
"5528",369,77
"5529",369,79
"5530",369,86
"5531",369,89
"5532",369,90
"5533",369,92
"5534",369,94
"5535",369,98
"5536",370,3
"5537",370,26
"5538",370,53
"5539",370,66
"5540",370,70
"5541",370,74
"5542",370,76
"5543",370,77
"5544",370,79
"5545",370,87
"5546",370,89
"5547",370,90
"5548",370,92
"5549",370,94
"5550",370,97
"5551",371,3
"5552",371,32
"5553",371,52
"5554",371,59
"5555",371,71
"5556",371,74
"5557",371,76
"5558",371,78
"5559",371,80
"5560",371,85
"5561",371,89
"5562",371,90
"5563",371,93
"5564",371,94
"5565",371,98
"5566",372,3
"5567",372,32
"5568",372,54
"5569",372,58
"5570",372,69
"5571",372,74
"5572",372,75
"5573",372,77
"5574",372,80
"5575",372,87
"5576",372,89
"5577",372,90
"5578",372,92
"5579",372,95
"5580",372,98
"5581",373,3
"5582",373,33
"5583",373,53
"5584",373,66
"5585",373,70
"5586",373,74
"5587",373,76
"5588",373,77
"5589",373,80
"5590",373,86
"5591",373,88
"5592",373,90
"5593",373,92
"5594",373,94
"5595",373,98
"5596",374,3
"5597",374,37
"5598",374,53
"5599",374,61
"5600",374,69
"5601",374,74
"5602",374,76
"5603",374,77
"5604",374,80
"5605",374,83
"5606",374,88
"5607",374,90
"5608",374,92
"5609",374,95
"5610",374,98
"5611",375,3
"5612",375,39
"5613",375,53
"5614",375,61
"5615",375,70
"5616",375,74
"5617",375,76
"5618",375,77
"5619",375,80
"5620",375,83
"5621",375,89
"5622",375,90
"5623",375,92
"5624",375,95
"5625",375,96
"5626",376,2
"5627",376,41
"5628",376,53
"5629",376,58
"5630",376,71
"5631",376,74
"5632",376,76
"5633",376,77
"5634",376,80
"5635",376,83
"5636",376,89
"5637",376,90
"5638",376,92
"5639",376,94
"5640",376,98
"5641",377,3
"5642",377,42
"5643",377,53
"5644",377,66
"5645",377,67
"5646",377,74
"5647",377,76
"5648",377,77
"5649",377,80
"5650",377,83
"5651",377,89
"5652",377,90
"5653",377,92
"5654",377,94
"5655",377,98
"5656",378,3
"5657",378,42
"5658",378,52
"5659",378,66
"5660",378,70
"5661",378,74
"5662",378,76
"5663",378,77
"5664",378,80
"5665",378,84
"5666",378,89
"5667",378,90
"5668",378,92
"5669",378,94
"5670",378,96
"5671",379,2
"5672",379,47
"5673",379,53
"5674",379,62
"5675",379,68
"5676",379,74
"5677",379,75
"5678",379,77
"5679",379,80
"5680",379,82
"5681",379,89
"5682",379,90
"5683",379,92
"5684",379,95
"5685",379,97
"5686",380,2
"5687",380,47
"5688",380,52
"5689",380,62
"5690",380,69
"5691",380,74
"5692",380,75
"5693",380,77
"5694",380,80
"5695",380,87
"5696",380,89
"5697",380,90
"5698",380,92
"5699",380,95
"5700",380,98
"5701",381,1
"5702",381,47
"5703",381,52
"5704",381,62
"5705",381,71
"5706",381,74
"5707",381,75
"5708",381,77
"5709",381,79
"5710",381,85
"5711",381,89
"5712",381,90
"5713",381,92
"5714",381,94
"5715",381,98
